Order ID,Product Name,Category,Price (INR),Quantity Sold,Order Date,Payment Method,Customer Rating,Region,Discount(%)
ORD00001,Educational Book,Books,49069.56,2,9/12/2024,Debit Card,3.5,East,10
ORD00002,Jeans,Clothing,12755.85,4,12/18/2024,UPI,3.9,West,15
ORD00003,Face Cream,Beauty,11092.19,4,5/18/2024,Debit Card,4.4,Central,5
ORD00004,Smartwatch,Electronics,32657.81,1,11/8/2024,Debit Card,3.2,South,5
ORD00005,Cookware Set,Home & Kitchen,26590.08,3,12/27/2024,UPI,3.1,South,10
ORD00006,Mixer Grinder,Home & Kitchen,10475.03,2,10/22/2024,Wallet,1.7,Central,15
ORD00007,Sneakers,Clothing,38647.72,3,7/4/2024,Wallet,2,South,15
ORD00008,Table Lamp,Home & Kitchen,24818.59,3,12/27/2024,Debit Card,2.4,East,5
ORD00009,Jacket,Clothing,1987.39,2,1/18/2025,Debit Card,2.6,Central,5
ORD00010,Tablet,Electronics,26876.51,2,3/14/2024,Debit Card,4,South,25
ORD00011,Perfume,Beauty,46409.57,5,2/8/2025,UPI,2.3,South,10
ORD00012,Lipstick,Beauty,48780.78,5,4/13/2024,UPI,1.3,East,5
ORD00013,Educational Book,Books,6670.82,5,2/23/2024,COD,1.2,North,15
ORD00014,Smartphone,Electronics,10826.05,1,6/2/2024,Wallet,3.7,East,10
ORD00015,Comic Book,Books,6839.1,1,9/12/2024,Credit Card,1.6,West,20
ORD00016,Mixer Grinder,Home & Kitchen,18197.89,5,3/30/2024,Debit Card,1.6,South,5
ORD00017,Cookbook,Books,20817.46,2,3/30/2024,Debit Card,2.3,North,20
ORD00018,Perfume,Beauty,44061.25,4,4/22/2024,COD,2.5,South,10
ORD00019,Cookbook,Books,4398.59,5,3/22/2024,Wallet,4,West,15
ORD00020,T-Shirt,Clothing,32565.77,5,1/6/2025,COD,4.4,Central,10
ORD00021,Cookware Set,Home & Kitchen,47529.36,1,7/9/2024,Net Banking,4.5,South,20
ORD00022,Jeans,Clothing,37129.73,3,1/22/2025,Wallet,4.3,East,20
ORD00023,Educational Book,Books,48258.19,4,6/23/2024,UPI,1.6,South,15
ORD00024,Bedsheet,Home & Kitchen,32505.96,1,3/19/2024,Wallet,2.8,East,10
ORD00025,Cookware Set,Home & Kitchen,4165.64,2,11/24/2024,COD,1.1,South,25
ORD00026,T-Shirt,Clothing,2053.11,4,7/23/2024,COD,3.4,West,25
ORD00027,Jeans,Clothing,38927.62,4,8/24/2024,Wallet,2.5,Central,5
ORD00028,Mixer Grinder,Home & Kitchen,28978.47,4,7/21/2024,UPI,2.3,West,5
ORD00029,Lipstick,Beauty,21293.42,5,4/16/2024,Wallet,2.2,North,20
ORD00030,Lipstick,Beauty,49097.01,4,8/5/2024,Credit Card,3.7,East,25
ORD00031,Perfume,Beauty,47651.19,1,4/14/2024,Net Banking,3.6,East,5
ORD00032,Hair Dryer,Beauty,15046.01,5,10/17/2024,COD,1.1,North,5
ORD00033,Laptop,Electronics,36980.1,3,10/1/2024,COD,3.2,North,15
ORD00034,Table Lamp,Home & Kitchen,38144.67,2,7/15/2024,Net Banking,3.1,West,25
ORD00035,Laptop,Electronics,49355.45,2,5/1/2024,COD,3.5,East,20
ORD00036,Shampoo,Beauty,12945.96,3,6/10/2024,Wallet,1.4,North,5
ORD00037,Perfume,Beauty,34927.79,4,6/27/2024,Credit Card,1.1,South,25
ORD00038,Table Lamp,Home & Kitchen,3677.4,3,7/31/2024,UPI,3.7,East,15
ORD00039,Comic Book,Books,37004.54,4,10/26/2024,Debit Card,4,South,5
ORD00040,Cookbook,Books,27961.78,5,2/23/2024,Net Banking,4,Central,15
ORD00041,Comic Book,Books,2655.8,2,2/12/2024,Net Banking,3.7,South,10
ORD00042,Headphones,Electronics,965.51,4,6/6/2024,COD,3.5,South,25
ORD00043,Bedsheet,Home & Kitchen,2980.08,3,12/14/2024,Net Banking,4.2,South,20
ORD00044,Mixer Grinder,Home & Kitchen,8598.58,1,10/9/2024,Debit Card,1.1,West,15
ORD00045,Shampoo,Beauty,31850.15,2,4/14/2024,Net Banking,2.8,South,10
ORD00046,Smartwatch,Electronics,33443.32,5,2/15/2024,UPI,2.4,South,15
ORD00047,Jacket,Clothing,29592.5,5,7/25/2024,Net Banking,4.7,East,25
ORD00048,Hair Dryer,Beauty,11187.38,4,6/22/2024,Wallet,2.3,East,20
ORD00049,Bedsheet,Home & Kitchen,23898.58,5,11/28/2024,Credit Card,3.3,East,5
ORD00050,Comic Book,Books,1391.49,4,8/11/2024,Credit Card,4.5,East,20
ORD00051,Jeans,Clothing,18607.69,5,9/10/2024,COD,2.4,North,10
ORD00052,Fiction Novel,Books,46224.88,3,10/30/2024,Credit Card,4.1,West,10
ORD00053,Tablet,Electronics,11864.13,5,11/11/2024,Debit Card,1.3,East,5
ORD00054,Comic Book,Books,7757.2,5,11/22/2024,Wallet,2.2,Central,15
ORD00055,Smartwatch,Electronics,29745,1,10/4/2024,UPI,3.6,South,20
ORD00056,Jeans,Clothing,39176.54,5,4/4/2024,Net Banking,4.1,East,5
ORD00057,Jeans,Clothing,18075.19,5,9/3/2024,Debit Card,1.7,West,25
ORD00058,Self-Help Book,Books,18830.59,4,5/16/2024,Net Banking,3.6,East,5
ORD00059,Headphones,Electronics,38476.48,4,8/30/2024,Credit Card,2,North,5
ORD00060,Laptop,Electronics,27120.36,2,6/13/2024,Credit Card,3.8,West,25
ORD00061,Cookbook,Books,31627,5,7/28/2024,Debit Card,3.1,North,25
ORD00062,Comic Book,Books,14505.79,3,7/10/2024,UPI,3.9,North,25
ORD00063,Smartwatch,Electronics,15229.67,3,7/21/2024,Credit Card,2.7,West,15
ORD00064,Table Lamp,Home & Kitchen,2158.12,3,1/2/2025,COD,3.4,West,5
ORD00065,Lipstick,Beauty,11106.19,2,12/22/2024,Wallet,1.1,South,15
ORD00066,Educational Book,Books,21690.55,2,11/28/2024,Credit Card,1.9,North,5
ORD00067,Hair Dryer,Beauty,4225.69,4,5/6/2024,Credit Card,2.5,West,20
ORD00068,Smartwatch,Electronics,23621.02,1,2/26/2024,Wallet,4.7,South,5
ORD00069,Educational Book,Books,38937.92,3,4/8/2024,Credit Card,3.4,Central,20
ORD00070,Cookware Set,Home & Kitchen,2707.97,1,4/28/2024,Net Banking,1.2,North,5
ORD00071,Face Cream,Beauty,23715.42,4,3/24/2024,COD,2,South,15
ORD00072,Tablet,Electronics,9083.5,2,7/5/2024,UPI,1.8,Central,20
ORD00073,Lipstick,Beauty,26379.35,4,9/7/2024,UPI,3,Central,5
ORD00074,Jacket,Clothing,34023.96,3,2/13/2024,Credit Card,4.6,West,20
ORD00075,Sneakers,Clothing,1542.1,4,8/25/2024,Credit Card,1,South,20
ORD00076,Fiction Novel,Books,42981.08,3,3/25/2024,COD,3.8,East,5
ORD00077,Sofa Cover,Home & Kitchen,46338.29,5,3/22/2024,COD,3.4,South,25
ORD00078,Headphones,Electronics,34161.44,1,6/30/2024,Wallet,2.4,South,20
ORD00079,Lipstick,Beauty,21317.31,5,7/16/2024,Credit Card,4,North,20
ORD00080,Face Cream,Beauty,46011.84,4,5/1/2024,COD,3.3,Central,10
ORD00081,Perfume,Beauty,2097.99,1,2/9/2025,Debit Card,3.2,South,10
ORD00082,Smartphone,Electronics,17104.91,3,12/10/2024,Credit Card,2.7,North,15
ORD00083,Sofa Cover,Home & Kitchen,29326.6,3,11/7/2024,Credit Card,4.9,Central,5
ORD00084,Headphones,Electronics,28892.73,4,11/11/2024,COD,1.3,South,15
ORD00085,Tablet,Electronics,35033.12,4,12/3/2024,UPI,4.7,East,25
ORD00086,Jeans,Clothing,40069.3,3,10/27/2024,Debit Card,2.4,South,5
ORD00087,Comic Book,Books,20613.14,4,5/30/2024,UPI,3.4,Central,10
ORD00088,Cookware Set,Home & Kitchen,3432,5,4/12/2024,Credit Card,3.4,East,15
ORD00089,Shampoo,Beauty,25752.65,3,6/28/2024,Net Banking,2.5,North,15
ORD00090,Smartwatch,Electronics,30238.47,2,9/24/2024,Net Banking,4,West,10
ORD00091,Bedsheet,Home & Kitchen,34293.38,4,4/1/2024,Net Banking,4.4,South,5
ORD00092,Perfume,Beauty,19498.32,2,11/23/2024,Credit Card,3.6,West,25
ORD00093,T-Shirt,Clothing,39355.59,1,10/22/2024,Wallet,2.9,North,15
ORD00094,Cookbook,Books,26575.86,2,5/23/2024,Wallet,2,West,5
ORD00095,Headphones,Electronics,12506.31,3,1/12/2025,UPI,1.4,West,5
ORD00096,T-Shirt,Clothing,19180.77,3,1/28/2025,Wallet,3.9,North,15
ORD00097,Bedsheet,Home & Kitchen,8877.51,5,5/31/2024,UPI,2.5,Central,5
ORD00098,Sneakers,Clothing,32348.92,2,2/2/2025,Credit Card,3.1,West,15
ORD00099,Smartwatch,Electronics,19375.76,2,12/6/2024,Credit Card,2.1,South,5
ORD00100,Educational Book,Books,48157.93,1,9/5/2024,COD,2.4,North,15
ORD00101,Laptop,Electronics,4360.05,4,1/18/2025,Wallet,3.3,Central,20
ORD00102,Jacket,Clothing,38093.14,1,10/22/2024,Credit Card,3,North,10
ORD00103,Educational Book,Books,32788.2,5,7/7/2024,Credit Card,4,West,15
ORD00104,Comic Book,Books,42715.55,1,7/14/2024,Credit Card,4.4,North,20
ORD00105,Perfume,Beauty,28758.42,5,9/22/2024,Net Banking,3.7,South,15
ORD00106,Educational Book,Books,22555.21,2,5/10/2024,UPI,4.3,Central,25
ORD00107,Dress,Clothing,33613.18,1,8/24/2024,Wallet,3.5,North,25
ORD00108,T-Shirt,Clothing,44639,5,5/4/2024,Credit Card,1.1,Central,5
ORD00109,Jeans,Clothing,11785.4,5,6/25/2024,Wallet,1.6,East,15
ORD00110,Self-Help Book,Books,30826.72,1,8/4/2024,UPI,3.9,East,25
ORD00111,Jacket,Clothing,35811.1,4,9/11/2024,Net Banking,1.9,West,25
ORD00112,Shampoo,Beauty,45387.99,3,12/23/2024,COD,4.8,West,25
ORD00113,Sofa Cover,Home & Kitchen,39263.94,5,8/5/2024,Wallet,3.8,Central,25
ORD00114,Educational Book,Books,19787.61,1,10/7/2024,Debit Card,3.9,Central,10
ORD00115,Jacket,Clothing,26219.99,4,3/14/2024,Debit Card,2.1,East,15
ORD00116,Lipstick,Beauty,14286.02,4,5/25/2024,UPI,3.7,Central,20
ORD00117,T-Shirt,Clothing,13019.07,3,2/2/2025,Credit Card,2.8,East,25
ORD00118,Face Cream,Beauty,43488.42,3,7/18/2024,Net Banking,3,Central,5
ORD00119,Cookbook,Books,30903.49,4,9/10/2024,Net Banking,1.7,South,20
ORD00120,Table Lamp,Home & Kitchen,37405.46,4,1/15/2025,Wallet,1.3,North,10
ORD00121,Tablet,Electronics,30593.67,4,5/18/2024,COD,1.5,South,10
ORD00122,Headphones,Electronics,28688.25,3,5/27/2024,UPI,2.4,East,25
ORD00123,Hair Dryer,Beauty,12158.96,3,3/21/2024,Net Banking,1.1,East,15
ORD00124,Headphones,Electronics,24500.05,3,4/21/2024,Credit Card,4.4,East,5
ORD00125,Table Lamp,Home & Kitchen,44412.88,3,9/13/2024,COD,1.4,North,5
ORD00126,Smartphone,Electronics,26615.97,3,8/26/2024,Net Banking,3.6,North,25
ORD00127,Jacket,Clothing,3979.4,1,10/2/2024,Debit Card,4.6,East,5
ORD00128,Perfume,Beauty,49687.49,2,5/2/2024,UPI,2.5,Central,25
ORD00129,Laptop,Electronics,11289.42,3,8/10/2024,UPI,2.3,South,25
ORD00130,Dress,Clothing,27309.73,3,6/17/2024,Net Banking,4,Central,5
ORD00131,Laptop,Electronics,30374.4,5,1/11/2025,Net Banking,1.8,West,20
ORD00132,Shampoo,Beauty,15486.41,4,4/20/2024,COD,5,South,15
ORD00133,Smartwatch,Electronics,33698.34,1,8/10/2024,Debit Card,4.2,West,25
ORD00134,Dress,Clothing,42987.64,5,3/30/2024,Wallet,3.7,Central,10
ORD00135,Smartwatch,Electronics,1104.25,5,11/28/2024,UPI,3.8,South,5
ORD00136,Jacket,Clothing,14043.16,4,6/1/2024,Wallet,3.1,East,20
ORD00137,Cookbook,Books,24032.88,1,10/28/2024,Wallet,3.8,South,25
ORD00138,Face Cream,Beauty,32283.58,3,1/2/2025,COD,4.4,East,5
ORD00139,Lipstick,Beauty,3848.54,1,2/3/2025,Net Banking,4.6,North,20
ORD00140,Cookware Set,Home & Kitchen,48175.48,1,7/10/2024,COD,1.5,South,10
ORD00141,Tablet,Electronics,2273.01,2,1/1/2025,UPI,4.3,West,5
ORD00142,Jacket,Clothing,48346.41,3,1/27/2025,Debit Card,1.4,West,5
ORD00143,Table Lamp,Home & Kitchen,8383.86,2,9/19/2024,Wallet,3.1,Central,10
ORD00144,Shampoo,Beauty,15344.02,1,5/16/2024,UPI,4,West,20
ORD00145,Smartphone,Electronics,49142.57,4,3/4/2024,UPI,4.9,North,20
ORD00146,Self-Help Book,Books,45182.27,5,3/30/2024,Debit Card,3.1,North,15
ORD00147,Jacket,Clothing,18309.06,2,5/11/2024,Net Banking,1.9,Central,10
ORD00148,Smartwatch,Electronics,33021.1,4,8/21/2024,Debit Card,4.4,South,5
ORD00149,Jacket,Clothing,42814.17,5,9/27/2024,Debit Card,4.2,Central,5
ORD00150,Perfume,Beauty,5293.87,2,12/31/2024,Debit Card,2.7,North,10
ORD00151,Fiction Novel,Books,16596.58,5,2/2/2025,UPI,2.1,West,20
ORD00152,Sneakers,Clothing,48940.95,1,2/20/2024,Net Banking,1,Central,25
ORD00153,Jeans,Clothing,10059.45,5,3/23/2024,COD,4.3,Central,20
ORD00154,Perfume,Beauty,4820.8,1,12/10/2024,Wallet,4.3,South,10
ORD00155,Cookbook,Books,12087.35,4,11/21/2024,UPI,2.6,East,15
ORD00156,Face Cream,Beauty,43522.08,5,9/11/2024,COD,4.8,Central,15
ORD00157,Smartwatch,Electronics,42409.26,1,8/25/2024,Debit Card,2,Central,25
ORD00158,Fiction Novel,Books,29882.47,5,6/22/2024,Wallet,4.7,East,5
ORD00159,Smartwatch,Electronics,40233.28,5,1/5/2025,Wallet,1.9,North,5
ORD00160,Sofa Cover,Home & Kitchen,15357.36,4,8/6/2024,Debit Card,1.6,North,25
ORD00161,Self-Help Book,Books,10565.57,4,7/4/2024,Net Banking,1.5,Central,10
ORD00162,Fiction Novel,Books,42533.26,4,11/28/2024,Debit Card,4.6,South,10
ORD00163,Mixer Grinder,Home & Kitchen,18426.9,4,10/18/2024,Debit Card,4.7,East,5
ORD00164,Perfume,Beauty,23369.23,1,11/23/2024,Credit Card,1.5,East,10
ORD00165,Perfume,Beauty,2735.32,5,12/20/2024,Wallet,2.6,Central,25
ORD00166,Laptop,Electronics,48944.01,3,7/4/2024,COD,4.2,East,20
ORD00167,Hair Dryer,Beauty,32590.46,2,4/11/2024,Net Banking,2.4,West,15
ORD00168,Hair Dryer,Beauty,35286.97,2,10/9/2024,Net Banking,3.3,West,25
ORD00169,Fiction Novel,Books,42881.03,3,11/29/2024,Net Banking,4.4,South,5
ORD00170,Shampoo,Beauty,28246.25,2,6/3/2024,Net Banking,2.3,North,25
ORD00171,Shampoo,Beauty,24619.84,2,12/6/2024,Debit Card,4.1,South,5
ORD00172,Dress,Clothing,12083.96,3,11/23/2024,Wallet,3,Central,25
ORD00173,Self-Help Book,Books,12214.72,5,1/14/2025,UPI,2.1,West,25
ORD00174,Fiction Novel,Books,19386.27,1,7/16/2024,COD,4.1,West,20
ORD00175,Educational Book,Books,34879.4,3,4/12/2024,UPI,2.5,Central,10
ORD00176,Laptop,Electronics,32016.11,5,9/27/2024,Debit Card,4.3,East,5
ORD00177,T-Shirt,Clothing,32264.17,1,7/22/2024,Net Banking,4.1,South,10
ORD00178,Shampoo,Beauty,30171.74,4,7/29/2024,Net Banking,3.8,North,5
ORD00179,Dress,Clothing,22712.18,5,1/24/2025,COD,3.9,South,5
ORD00180,Comic Book,Books,27204.69,1,2/9/2025,Debit Card,2.8,South,10
ORD00181,Educational Book,Books,17353.47,1,12/4/2024,Credit Card,2.6,Central,20
ORD00182,Sofa Cover,Home & Kitchen,44882.2,1,5/11/2024,COD,1.3,East,25
ORD00183,Sofa Cover,Home & Kitchen,47002.72,3,3/5/2024,Debit Card,4.1,North,20
ORD00184,Lipstick,Beauty,33659.67,4,7/5/2024,Wallet,3.3,North,20
ORD00185,Sofa Cover,Home & Kitchen,13011.44,2,6/25/2024,Wallet,4.9,Central,5
ORD00186,Smartphone,Electronics,21990.25,3,1/12/2025,Wallet,4.2,West,10
ORD00187,Perfume,Beauty,1927.38,3,8/31/2024,Debit Card,2.9,North,25
ORD00188,Laptop,Electronics,21741.53,3,12/2/2024,COD,3.5,North,15
ORD00189,Sneakers,Clothing,23638.72,1,9/24/2024,Credit Card,1.5,West,5
ORD00190,Hair Dryer,Beauty,39372.11,1,4/13/2024,Wallet,4.1,North,15
ORD00191,Fiction Novel,Books,49088.13,4,3/6/2024,Wallet,2.3,North,15
ORD00192,Cookware Set,Home & Kitchen,4524.63,3,12/19/2024,UPI,2.4,West,10
ORD00193,Sneakers,Clothing,1507.01,3,8/2/2024,Net Banking,2.5,South,15
ORD00194,Tablet,Electronics,39699.85,3,5/14/2024,Wallet,3.9,East,10
ORD00195,Face Cream,Beauty,37494.13,5,10/1/2024,COD,1.8,South,5
ORD00196,Smartphone,Electronics,5850.81,5,11/28/2024,COD,1.3,South,20
ORD00197,Self-Help Book,Books,16448.74,4,9/4/2024,Net Banking,4.6,North,25
ORD00198,Smartwatch,Electronics,11103.44,1,5/9/2024,Wallet,1.1,South,20
ORD00199,Self-Help Book,Books,34255.39,2,2/18/2024,UPI,2.9,East,10
ORD00200,Smartwatch,Electronics,18304.18,2,9/30/2024,Debit Card,1.6,South,20
ORD00201,Table Lamp,Home & Kitchen,12771.91,2,7/11/2024,Wallet,3.2,West,20
ORD00202,Comic Book,Books,2275.09,2,6/27/2024,Debit Card,1.5,Central,20
ORD00203,Sneakers,Clothing,16468.59,4,10/24/2024,Net Banking,4.5,South,15
ORD00204,Cookware Set,Home & Kitchen,4934.99,3,10/16/2024,Credit Card,4.6,North,25
ORD00205,Table Lamp,Home & Kitchen,5258.29,5,8/23/2024,Wallet,2.5,East,10
ORD00206,Hair Dryer,Beauty,32580,5,3/27/2024,COD,2.7,South,5
ORD00207,Sofa Cover,Home & Kitchen,40298.9,1,6/17/2024,Debit Card,1.2,East,15
ORD00208,Tablet,Electronics,11236.19,3,11/2/2024,COD,2.6,Central,10
ORD00209,Self-Help Book,Books,32537.46,5,10/28/2024,UPI,3.4,South,15
ORD00210,Jeans,Clothing,6953.88,1,5/14/2024,UPI,2.9,West,25
ORD00211,Bedsheet,Home & Kitchen,32824.05,3,9/2/2024,Credit Card,3.6,West,20
ORD00212,Sneakers,Clothing,34459.99,3,10/5/2024,Debit Card,1.4,East,10
ORD00213,Educational Book,Books,13608.58,3,4/5/2024,UPI,4.6,Central,20
ORD00214,Mixer Grinder,Home & Kitchen,32630.83,2,12/22/2024,UPI,4.7,East,5
ORD00215,Laptop,Electronics,24818.77,4,11/14/2024,Debit Card,2.3,East,10
ORD00216,Cookbook,Books,36645.35,3,12/26/2024,Debit Card,2.5,East,5
ORD00217,Jeans,Clothing,25668.96,3,6/8/2024,Debit Card,4.8,Central,10
ORD00218,Dress,Clothing,44241.68,4,9/18/2024,COD,1.4,West,5
ORD00219,Headphones,Electronics,39749.19,1,7/19/2024,COD,3.5,North,25
ORD00220,Tablet,Electronics,37578.46,2,6/8/2024,Net Banking,4.4,Central,20
ORD00221,Smartphone,Electronics,37203.65,4,5/14/2024,Wallet,3.5,North,5
ORD00222,Self-Help Book,Books,22851.63,1,5/14/2024,Wallet,1,Central,10
ORD00223,Hair Dryer,Beauty,27627.84,4,3/30/2024,UPI,1.8,East,20
ORD00224,Self-Help Book,Books,31333.95,3,8/21/2024,Debit Card,1.7,Central,25
ORD00225,Bedsheet,Home & Kitchen,30911.44,5,4/6/2024,Debit Card,3,West,15
ORD00226,Laptop,Electronics,11518.23,1,1/30/2025,Debit Card,4.4,West,20
ORD00227,Jeans,Clothing,43304.55,5,12/28/2024,UPI,2.6,Central,5
ORD00228,Self-Help Book,Books,3710.07,3,2/20/2024,Credit Card,4.2,North,5
ORD00229,Perfume,Beauty,34621.21,2,1/6/2025,Wallet,1.8,East,10
ORD00230,Headphones,Electronics,41742.29,5,7/15/2024,COD,2.6,West,20
ORD00231,Bedsheet,Home & Kitchen,46858.63,1,11/2/2024,Debit Card,3.5,West,25
ORD00232,Smartwatch,Electronics,5413.09,1,5/20/2024,UPI,3.4,North,5
ORD00233,Laptop,Electronics,5880.45,1,9/9/2024,Net Banking,2,Central,25
ORD00234,Comic Book,Books,35665.26,3,3/30/2024,Wallet,1.2,East,5
ORD00235,Headphones,Electronics,42981.89,5,1/2/2025,Credit Card,1.8,North,25
ORD00236,Comic Book,Books,25629.88,3,9/3/2024,Debit Card,2.9,East,20
ORD00237,Perfume,Beauty,22475.94,4,2/13/2024,Debit Card,3.5,South,15
ORD00238,Sofa Cover,Home & Kitchen,33250.7,5,10/19/2024,Wallet,4.3,East,25
ORD00239,Cookbook,Books,45045.03,5,1/2/2025,Net Banking,3.8,West,5
ORD00240,Bedsheet,Home & Kitchen,3955.86,5,6/18/2024,Net Banking,4.7,Central,20
ORD00241,Perfume,Beauty,28169.11,5,5/4/2024,UPI,2.7,East,5
ORD00242,Face Cream,Beauty,42785.51,4,11/13/2024,COD,1.7,North,20
ORD00243,Smartphone,Electronics,25614.35,2,8/12/2024,Wallet,3.5,North,5
ORD00244,Mixer Grinder,Home & Kitchen,7771.58,5,8/17/2024,Debit Card,3.6,Central,25
ORD00245,Cookbook,Books,31059.47,3,5/15/2024,Wallet,4.8,North,25
ORD00246,Educational Book,Books,14506.11,5,6/16/2024,Debit Card,3.5,West,15
ORD00247,Smartwatch,Electronics,16272.38,3,6/15/2024,Debit Card,1.4,West,10
ORD00248,T-Shirt,Clothing,29222.92,3,10/16/2024,Debit Card,2.7,North,5
ORD00249,Educational Book,Books,1483.5,5,11/4/2024,Debit Card,4.3,North,5
ORD00250,Self-Help Book,Books,35629.55,2,2/1/2025,Wallet,2,Central,10
ORD00251,Jacket,Clothing,1987.98,4,2/23/2024,UPI,3.3,Central,25
ORD00252,Educational Book,Books,37590.44,4,3/28/2024,Wallet,1.8,South,10
ORD00253,Mixer Grinder,Home & Kitchen,31759.49,4,12/11/2024,UPI,2,West,15
ORD00254,Shampoo,Beauty,18787.05,4,1/27/2025,Credit Card,1.1,East,20
ORD00255,Educational Book,Books,17066.16,1,9/15/2024,Wallet,2.8,Central,5
ORD00256,Jacket,Clothing,15068.72,4,3/23/2024,Debit Card,1.4,East,15
ORD00257,Smartphone,Electronics,44334.11,3,2/24/2024,Wallet,2.6,North,10
ORD00258,Smartphone,Electronics,11183.75,1,11/15/2024,Credit Card,4.9,East,20
ORD00259,Cookware Set,Home & Kitchen,2923.95,5,8/16/2024,Net Banking,1.1,North,20
ORD00260,Shampoo,Beauty,7339.66,2,11/29/2024,Net Banking,1.1,South,25
ORD00261,Table Lamp,Home & Kitchen,41405.37,2,10/6/2024,Wallet,4.6,Central,5
ORD00262,Mixer Grinder,Home & Kitchen,36114.38,1,9/1/2024,Net Banking,4.6,North,5
ORD00263,Smartphone,Electronics,19915.59,5,9/6/2024,COD,1.2,East,15
ORD00264,Smartphone,Electronics,18366.97,4,5/22/2024,COD,1.2,Central,20
ORD00265,Smartphone,Electronics,8563.14,2,3/3/2024,COD,3.1,South,15
ORD00266,Hair Dryer,Beauty,40461.79,1,5/19/2024,Credit Card,4.9,East,25
ORD00267,Jacket,Clothing,6943.4,5,7/16/2024,Debit Card,1.5,South,10
ORD00268,Shampoo,Beauty,14517.08,1,5/19/2024,UPI,3,South,25
ORD00269,Tablet,Electronics,4248.25,5,7/19/2024,Wallet,4.1,North,10
ORD00270,Mixer Grinder,Home & Kitchen,43118.73,5,12/12/2024,Debit Card,3.1,East,20
ORD00271,Dress,Clothing,10086.76,2,3/26/2024,Wallet,1.9,North,15
ORD00272,Face Cream,Beauty,35373.5,4,8/9/2024,Credit Card,2.9,East,25
ORD00273,Table Lamp,Home & Kitchen,43002.68,3,4/5/2024,UPI,4.2,Central,25
ORD00274,Laptop,Electronics,46388.81,1,2/21/2024,COD,4.4,West,10
ORD00275,Cookbook,Books,47384.51,3,5/29/2024,Net Banking,1.5,South,20
ORD00276,Jacket,Clothing,15826.47,2,7/13/2024,Net Banking,4.4,West,5
ORD00277,Shampoo,Beauty,33927.57,5,2/2/2025,Wallet,2.6,South,15
ORD00278,Tablet,Electronics,27400.84,1,2/7/2025,Net Banking,3.6,North,10
ORD00279,Tablet,Electronics,37684.28,4,4/2/2024,COD,3.2,West,15
ORD00280,Sneakers,Clothing,22968.18,4,1/23/2025,Net Banking,4.1,South,10
ORD00281,Sofa Cover,Home & Kitchen,43444.93,1,1/10/2025,Wallet,4,North,5
ORD00282,Headphones,Electronics,36083.22,3,7/25/2024,Credit Card,2.9,Central,10
ORD00283,Cookware Set,Home & Kitchen,43043.82,5,11/9/2024,Wallet,4.1,North,20
ORD00284,Smartwatch,Electronics,1517.63,4,11/10/2024,COD,2,North,20
ORD00285,Fiction Novel,Books,1626.1,5,11/15/2024,Credit Card,2.8,Central,25
ORD00286,T-Shirt,Clothing,40384.62,1,4/27/2024,UPI,4.2,North,5
ORD00287,T-Shirt,Clothing,37295.08,1,2/6/2025,UPI,4,North,5
ORD00288,Sneakers,Clothing,13915.5,3,7/2/2024,Net Banking,3.9,South,25
ORD00289,Smartphone,Electronics,23625.05,2,7/7/2024,Debit Card,2,South,10
ORD00290,Mixer Grinder,Home & Kitchen,464.18,3,8/2/2024,Debit Card,4.1,Central,5
ORD00291,T-Shirt,Clothing,26667.15,2,11/5/2024,Credit Card,1.9,North,15
ORD00292,Fiction Novel,Books,29093.02,2,11/1/2024,Debit Card,3.7,South,15
ORD00293,Jacket,Clothing,44770.65,3,12/12/2024,Wallet,3.5,West,20
ORD00294,Bedsheet,Home & Kitchen,32749.9,1,8/2/2024,Net Banking,3.8,East,10
ORD00295,Educational Book,Books,4990.66,3,5/30/2024,Wallet,4.6,East,15
ORD00296,T-Shirt,Clothing,11044.89,3,11/25/2024,Wallet,1.5,Central,20
ORD00297,Fiction Novel,Books,46032.16,5,12/8/2024,Debit Card,4.4,South,20
ORD00298,Educational Book,Books,43965.67,3,8/25/2024,Debit Card,1.1,West,25
ORD00299,T-Shirt,Clothing,6037.98,2,5/25/2024,COD,3.6,West,15
ORD00300,Comic Book,Books,22747.82,3,9/20/2024,Debit Card,4.5,West,20
ORD00301,Headphones,Electronics,26615.92,2,6/21/2024,COD,2.3,Central,25
ORD00302,Face Cream,Beauty,48234.31,2,7/8/2024,Debit Card,1.8,West,15
ORD00303,Table Lamp,Home & Kitchen,24172.56,1,12/20/2024,UPI,3.1,West,5
ORD00304,Fiction Novel,Books,16385.37,3,2/24/2024,Wallet,1.6,East,5
ORD00305,T-Shirt,Clothing,29527.22,3,3/30/2024,COD,1.2,East,25
ORD00306,Table Lamp,Home & Kitchen,42516.65,3,4/28/2024,Net Banking,1.8,West,10
ORD00307,Comic Book,Books,27175.37,5,8/2/2024,COD,3.9,Central,15
ORD00308,Dress,Clothing,25379.68,4,10/6/2024,Wallet,3.5,Central,20
ORD00309,Educational Book,Books,29568.18,3,1/12/2025,Credit Card,1.3,Central,25
ORD00310,Fiction Novel,Books,23562.27,2,12/23/2024,Credit Card,4.9,North,15
ORD00311,Dress,Clothing,19134.26,2,2/12/2024,COD,4.6,South,5
ORD00312,Fiction Novel,Books,10176.11,5,8/17/2024,Net Banking,2.1,North,5
ORD00313,Laptop,Electronics,48177.16,3,3/5/2024,Net Banking,1.7,South,5
ORD00314,Mixer Grinder,Home & Kitchen,6119.31,5,3/7/2024,Net Banking,1.5,North,5
ORD00315,Shampoo,Beauty,6015.13,1,8/26/2024,Credit Card,1.9,West,5
ORD00316,T-Shirt,Clothing,41198.84,4,4/8/2024,Credit Card,3,North,10
ORD00317,Cookbook,Books,11527.7,3,11/30/2024,Net Banking,1.8,Central,5
ORD00318,Smartwatch,Electronics,27749.19,4,1/22/2025,Wallet,2.5,Central,10
ORD00319,Smartphone,Electronics,14014.82,1,11/23/2024,Credit Card,4.6,West,10
ORD00320,Smartphone,Electronics,23293.14,2,6/8/2024,UPI,4.1,South,5
ORD00321,Sneakers,Clothing,38592.49,5,10/13/2024,Wallet,3.2,North,5
ORD00322,Smartphone,Electronics,39898.86,1,6/3/2024,Wallet,1.8,North,10
ORD00323,Educational Book,Books,39842.5,2,10/10/2024,Debit Card,4.4,South,10
ORD00324,Fiction Novel,Books,30395.25,1,4/7/2024,COD,1.1,South,15
ORD00325,Face Cream,Beauty,36560.32,5,1/1/2025,Net Banking,2.5,East,5
ORD00326,Cookware Set,Home & Kitchen,44248.09,1,2/19/2024,Net Banking,3.1,South,5
ORD00327,Tablet,Electronics,18386.26,1,10/6/2024,Credit Card,1.4,South,15
ORD00328,Jacket,Clothing,33683.4,1,1/8/2025,Debit Card,3.8,South,25
ORD00329,Hair Dryer,Beauty,49561.57,3,4/3/2024,Net Banking,3.5,North,20
ORD00330,Face Cream,Beauty,18551.65,2,3/30/2024,Credit Card,2.6,Central,25
ORD00331,Headphones,Electronics,12249.35,5,1/29/2025,Wallet,2.9,North,15
ORD00332,Jeans,Clothing,35305.39,1,6/10/2024,UPI,2.2,West,10
ORD00333,Smartwatch,Electronics,16790.46,5,8/27/2024,Net Banking,4.3,South,20
ORD00334,Jacket,Clothing,26096.96,4,3/28/2024,Debit Card,3.5,North,5
ORD00335,Self-Help Book,Books,34361.96,5,3/22/2024,Net Banking,4.4,Central,5
ORD00336,Table Lamp,Home & Kitchen,46079.49,5,2/28/2024,Net Banking,3.7,West,5
ORD00337,Mixer Grinder,Home & Kitchen,47053.44,2,6/5/2024,COD,3,West,25
ORD00338,Tablet,Electronics,18905.94,3,8/14/2024,UPI,4.5,South,20
ORD00339,Hair Dryer,Beauty,30977.18,3,11/8/2024,UPI,3.3,West,10
ORD00340,Table Lamp,Home & Kitchen,41841.57,2,5/27/2024,COD,1.1,South,20
ORD00341,Laptop,Electronics,4277.15,4,8/12/2024,COD,2.1,West,20
ORD00342,Sofa Cover,Home & Kitchen,15648.85,2,2/3/2025,Credit Card,4.4,East,10
ORD00343,Headphones,Electronics,26992.72,3,2/15/2024,Wallet,1.1,South,20
ORD00344,Headphones,Electronics,49586.31,4,5/3/2024,UPI,4.3,Central,15
ORD00345,Tablet,Electronics,37181.04,1,3/21/2024,Wallet,1.2,North,20
ORD00346,Sneakers,Clothing,46090.65,4,1/25/2025,UPI,3.3,North,20
ORD00347,Educational Book,Books,48151.09,4,7/23/2024,UPI,2.9,Central,25
ORD00348,Smartwatch,Electronics,8197.47,2,9/28/2024,Wallet,3,North,25
ORD00349,Cookware Set,Home & Kitchen,40679.29,2,7/13/2024,Wallet,1.5,East,15
ORD00350,Perfume,Beauty,45012.71,3,10/15/2024,UPI,4.9,West,25
ORD00351,Perfume,Beauty,5127.02,3,2/7/2025,Debit Card,4.5,South,25
ORD00352,Laptop,Electronics,13954.48,3,1/12/2025,UPI,1.5,North,25
ORD00353,T-Shirt,Clothing,26166.89,4,9/6/2024,Credit Card,3.7,North,10
ORD00354,Hair Dryer,Beauty,45072.69,2,12/30/2024,Wallet,2.6,Central,5
ORD00355,T-Shirt,Clothing,33543.19,2,3/9/2024,UPI,3.7,South,10
ORD00356,Self-Help Book,Books,34116.23,3,3/20/2024,Wallet,1.4,North,10
ORD00357,Self-Help Book,Books,15466.4,5,7/29/2024,Wallet,2.9,East,25
ORD00358,Laptop,Electronics,19879.4,4,3/15/2024,Debit Card,3.2,Central,25
ORD00359,Sofa Cover,Home & Kitchen,11914.15,2,6/10/2024,Wallet,2.4,West,15
ORD00360,Dress,Clothing,7936.32,4,9/21/2024,Credit Card,1.5,East,5
ORD00361,Educational Book,Books,7633.85,2,9/1/2024,Net Banking,3.8,Central,10
ORD00362,Face Cream,Beauty,2470.82,4,5/26/2024,UPI,2,South,25
ORD00363,Sofa Cover,Home & Kitchen,908.47,3,9/27/2024,COD,4.6,North,15
ORD00364,Table Lamp,Home & Kitchen,14102.56,4,9/20/2024,COD,2.9,Central,5
ORD00365,Laptop,Electronics,23287.93,4,8/14/2024,Debit Card,2,South,5
ORD00366,Mixer Grinder,Home & Kitchen,41333.21,1,1/28/2025,Net Banking,4,East,20
ORD00367,Educational Book,Books,35304.99,1,8/6/2024,COD,2,East,15
ORD00368,Jeans,Clothing,22335.58,2,7/31/2024,Wallet,3.8,East,5
ORD00369,Cookware Set,Home & Kitchen,40486.08,5,11/26/2024,Wallet,3.6,South,20
ORD00370,Educational Book,Books,20353.4,1,7/7/2024,UPI,2.9,North,20
ORD00371,Laptop,Electronics,2258.27,3,10/24/2024,Wallet,4.8,South,15
ORD00372,Smartphone,Electronics,704.55,5,5/28/2024,Debit Card,4,West,25
ORD00373,Table Lamp,Home & Kitchen,38629,1,7/15/2024,Net Banking,4,North,25
ORD00374,Fiction Novel,Books,37303.26,4,1/7/2025,COD,2.9,Central,20
ORD00375,Smartphone,Electronics,11507.22,4,4/17/2024,Debit Card,1.4,North,15
ORD00376,Table Lamp,Home & Kitchen,48710.25,1,10/6/2024,Credit Card,1.7,West,10
ORD00377,Educational Book,Books,20075.81,1,6/12/2024,Debit Card,4.9,West,25
ORD00378,Comic Book,Books,8448.77,2,5/12/2024,UPI,3.8,West,5
ORD00379,Sneakers,Clothing,29310.76,4,7/3/2024,Wallet,4.4,North,15
ORD00380,Educational Book,Books,708.78,4,11/29/2024,COD,2,West,5
ORD00381,Jacket,Clothing,24062.33,4,1/19/2025,Debit Card,1.1,West,25
ORD00382,Sneakers,Clothing,27827.66,1,6/18/2024,COD,4.5,East,20
ORD00383,Smartwatch,Electronics,40862.87,2,5/22/2024,Debit Card,1.4,North,20
ORD00384,Sneakers,Clothing,11399.26,2,2/17/2024,Net Banking,1,East,15
ORD00385,Hair Dryer,Beauty,5463.13,1,6/30/2024,Debit Card,3.9,East,5
ORD00386,Comic Book,Books,8644.99,5,7/17/2024,Debit Card,4.3,East,20
ORD00387,Headphones,Electronics,27481.15,2,10/27/2024,COD,3.2,South,5
ORD00388,Self-Help Book,Books,47819.23,4,6/3/2024,Wallet,1.1,East,15
ORD00389,Lipstick,Beauty,7145.81,4,3/9/2024,Wallet,1.9,East,10
ORD00390,Headphones,Electronics,29847.4,3,6/4/2024,Debit Card,2.9,East,10
ORD00391,Lipstick,Beauty,11186.35,2,10/28/2024,COD,1.1,North,5
ORD00392,Educational Book,Books,36535.74,3,7/2/2024,UPI,1.2,South,5
ORD00393,Sneakers,Clothing,12046.9,3,1/5/2025,COD,3.2,East,5
ORD00394,Hair Dryer,Beauty,7043.51,4,3/12/2024,UPI,2.3,North,5
ORD00395,Sneakers,Clothing,34369.57,4,7/31/2024,Net Banking,1.6,Central,5
ORD00396,Sneakers,Clothing,4827.49,3,3/10/2024,Debit Card,4.2,Central,20
ORD00397,Lipstick,Beauty,14851.66,2,1/8/2025,Debit Card,1.9,Central,25
ORD00398,Jacket,Clothing,40248.27,3,4/19/2024,Wallet,3.9,North,10
ORD00399,Jeans,Clothing,37135.36,2,12/23/2024,Net Banking,3,West,25
ORD00400,Shampoo,Beauty,25794.78,5,8/13/2024,Debit Card,1,Central,25
ORD00401,Shampoo,Beauty,47564.29,3,5/23/2024,Net Banking,3.5,West,25
ORD00402,Mixer Grinder,Home & Kitchen,5500.92,3,7/27/2024,Debit Card,2.3,South,5
ORD00403,Comic Book,Books,904.29,2,5/1/2024,Debit Card,3.5,East,15
ORD00404,Smartwatch,Electronics,25035.46,2,4/15/2024,Debit Card,4.5,West,25
ORD00405,Sneakers,Clothing,30156.36,5,1/6/2025,UPI,4.4,West,5
ORD00406,Jacket,Clothing,42189.9,1,1/12/2025,Credit Card,3.4,North,25
ORD00407,Jeans,Clothing,41122.81,2,12/10/2024,Net Banking,4.8,East,20
ORD00408,T-Shirt,Clothing,21705.78,1,10/5/2024,COD,1.1,South,25
ORD00409,Headphones,Electronics,28391.65,3,12/11/2024,Debit Card,2.5,East,20
ORD00410,Mixer Grinder,Home & Kitchen,40031.86,2,12/16/2024,COD,1.9,South,15
ORD00411,Mixer Grinder,Home & Kitchen,41248.02,4,1/12/2025,Credit Card,2.6,South,5
ORD00412,Shampoo,Beauty,35325.38,2,5/18/2024,UPI,4.1,West,10
ORD00413,Mixer Grinder,Home & Kitchen,45866.22,1,12/9/2024,COD,3.9,Central,10
ORD00414,Dress,Clothing,42975.36,4,8/18/2024,COD,3.3,East,10
ORD00415,Tablet,Electronics,7532.86,5,2/7/2025,UPI,1.5,South,15
ORD00416,Face Cream,Beauty,39931.75,4,4/19/2024,Credit Card,2.4,Central,15
ORD00417,Headphones,Electronics,20760.44,4,3/10/2024,COD,2.4,West,25
ORD00418,T-Shirt,Clothing,29466.3,5,7/23/2024,Net Banking,1.3,North,15
ORD00419,Face Cream,Beauty,756.85,3,11/4/2024,UPI,4.8,North,5
ORD00420,Smartwatch,Electronics,43711.45,4,6/27/2024,Wallet,4.5,North,20
ORD00421,Comic Book,Books,1134.78,2,6/9/2024,Debit Card,3.9,East,15
ORD00422,Sofa Cover,Home & Kitchen,6859,3,10/5/2024,Net Banking,1.6,South,5
ORD00423,Self-Help Book,Books,28818.74,3,6/27/2024,Debit Card,1.4,East,15
ORD00424,Laptop,Electronics,25233.95,4,10/25/2024,COD,4.1,Central,25
ORD00425,Educational Book,Books,28577.34,1,8/20/2024,UPI,2.7,Central,25
ORD00426,Bedsheet,Home & Kitchen,7322.87,3,2/22/2024,COD,5,South,20
ORD00427,Fiction Novel,Books,25144.48,4,5/5/2024,Net Banking,1.3,South,15
ORD00428,Mixer Grinder,Home & Kitchen,16289.17,5,11/14/2024,Net Banking,2.6,South,15
ORD00429,Comic Book,Books,24973.13,3,12/8/2024,Debit Card,3.2,Central,20
ORD00430,Cookware Set,Home & Kitchen,5804.38,2,5/16/2024,COD,2.2,North,15
ORD00431,Jeans,Clothing,43502.85,1,3/13/2024,Net Banking,4.2,South,15
ORD00432,Smartphone,Electronics,46770.01,5,4/10/2024,Net Banking,2.9,South,15
ORD00433,Laptop,Electronics,38160.98,2,3/31/2024,Debit Card,4,South,20
ORD00434,Headphones,Electronics,14797.27,2,1/25/2025,UPI,3.4,West,25
ORD00435,Shampoo,Beauty,16951.57,5,3/28/2024,Wallet,2,North,20
ORD00436,Smartphone,Electronics,20087.65,2,10/27/2024,Wallet,2.7,West,15
ORD00437,Face Cream,Beauty,45544.54,4,4/23/2024,COD,3,North,20
ORD00438,Shampoo,Beauty,4986.9,1,12/23/2024,COD,4.4,East,5
ORD00439,Bedsheet,Home & Kitchen,37890.56,1,6/30/2024,COD,2.4,West,20
ORD00440,Tablet,Electronics,26947.54,2,6/5/2024,Net Banking,4.1,South,25
ORD00441,Headphones,Electronics,16929.74,3,3/17/2024,Wallet,1.5,South,20
ORD00442,Smartphone,Electronics,30310.92,3,4/20/2024,UPI,3.5,South,10
ORD00443,Educational Book,Books,33643.5,5,6/16/2024,UPI,4.2,South,5
ORD00444,Cookbook,Books,27847.81,3,9/16/2024,Net Banking,4.3,West,15
ORD00445,Educational Book,Books,19055.03,3,8/25/2024,Credit Card,4.3,South,10
ORD00446,Self-Help Book,Books,24012.7,1,11/26/2024,Credit Card,4.8,North,20
ORD00447,Sneakers,Clothing,8182.19,2,8/4/2024,COD,4.2,Central,25
ORD00448,Hair Dryer,Beauty,35810.63,4,4/6/2024,UPI,1.2,Central,25
ORD00449,T-Shirt,Clothing,23433.86,1,8/17/2024,COD,3.8,South,25
ORD00450,Tablet,Electronics,42946.11,4,8/31/2024,UPI,3.2,North,5
ORD00451,Sneakers,Clothing,3995.44,4,5/26/2024,Debit Card,4,Central,10
ORD00452,Face Cream,Beauty,38728.75,1,10/5/2024,Wallet,4,North,15
ORD00453,Jacket,Clothing,46205.47,3,9/7/2024,Credit Card,2.7,West,5
ORD00454,Jeans,Clothing,7631.48,3,7/18/2024,Debit Card,3,East,5
ORD00455,Comic Book,Books,4581.73,4,5/24/2024,Credit Card,3.4,Central,5
ORD00456,Tablet,Electronics,9761.64,3,8/27/2024,Wallet,2.5,Central,20
ORD00457,Hair Dryer,Beauty,1582.84,3,9/10/2024,Debit Card,2.9,West,15
ORD00458,Laptop,Electronics,8902.26,5,1/8/2025,Debit Card,2.4,North,5
ORD00459,Sofa Cover,Home & Kitchen,1549.63,1,11/27/2024,COD,3,East,10
ORD00460,Educational Book,Books,23520.5,5,4/26/2024,Debit Card,1.2,North,25
ORD00461,Face Cream,Beauty,18729.61,1,4/3/2024,COD,1,South,10
ORD00462,Self-Help Book,Books,18085.73,3,7/12/2024,Net Banking,4.1,Central,20
ORD00463,Lipstick,Beauty,29844.59,3,6/28/2024,Credit Card,3.9,Central,25
ORD00464,Tablet,Electronics,12964.52,2,11/23/2024,Wallet,2.7,West,15
ORD00465,Tablet,Electronics,43431.64,5,6/20/2024,Credit Card,4.4,East,20
ORD00466,Smartwatch,Electronics,31005.06,4,7/22/2024,Net Banking,4,East,15
ORD00467,Face Cream,Beauty,16010.24,3,11/21/2024,Net Banking,1.6,West,10
ORD00468,Headphones,Electronics,18451.91,5,9/12/2024,UPI,4.9,North,5
ORD00469,Smartwatch,Electronics,31793.09,4,2/19/2024,COD,4.8,East,10
ORD00470,T-Shirt,Clothing,36666.62,4,9/28/2024,Net Banking,2.1,South,20
ORD00471,Smartphone,Electronics,38681.26,1,7/17/2024,COD,2,Central,20
ORD00472,Cookware Set,Home & Kitchen,29493.06,3,7/24/2024,Credit Card,4.2,North,25
ORD00473,Bedsheet,Home & Kitchen,30009.2,2,6/13/2024,Debit Card,3,South,20
ORD00474,T-Shirt,Clothing,23089.32,2,9/29/2024,Net Banking,3.1,West,15
ORD00475,Sofa Cover,Home & Kitchen,32460.13,4,4/28/2024,Credit Card,3.7,East,5
ORD00476,Smartwatch,Electronics,29509.14,3,12/15/2024,Net Banking,4.1,South,10
ORD00477,Educational Book,Books,5528.69,3,9/11/2024,Debit Card,4.2,East,15
ORD00478,Fiction Novel,Books,11864.67,5,9/13/2024,Net Banking,2.8,East,10
ORD00479,Sofa Cover,Home & Kitchen,14273.74,2,12/19/2024,Net Banking,3.8,Central,15
ORD00480,Educational Book,Books,26806.06,3,7/19/2024,Wallet,4.3,West,5
ORD00481,Jacket,Clothing,18757.07,4,11/16/2024,UPI,4.2,Central,10
ORD00482,Self-Help Book,Books,19661.09,4,6/1/2024,Net Banking,2.5,West,15
ORD00483,Self-Help Book,Books,27434.25,1,3/2/2024,COD,3.8,North,10
ORD00484,Educational Book,Books,6322.42,4,8/30/2024,UPI,4,Central,10
ORD00485,Comic Book,Books,4316.82,2,5/2/2024,Credit Card,3.6,North,10
ORD00486,Dress,Clothing,45426.39,4,10/31/2024,Net Banking,2.8,North,10
ORD00487,Laptop,Electronics,14971.45,3,6/2/2024,UPI,4.5,North,5
ORD00488,Bedsheet,Home & Kitchen,12245.12,2,8/27/2024,COD,4.5,North,25
ORD00489,Cookbook,Books,48405.89,4,3/31/2024,Wallet,4.9,South,25
ORD00490,Hair Dryer,Beauty,12757.67,5,11/19/2024,UPI,3.3,North,20
ORD00491,Dress,Clothing,33071.09,2,10/5/2024,COD,3.5,Central,5
ORD00492,Hair Dryer,Beauty,4869.56,1,4/4/2024,UPI,1.9,North,10
ORD00493,T-Shirt,Clothing,45127.31,4,1/15/2025,COD,4.2,Central,10
ORD00494,Bedsheet,Home & Kitchen,8867.72,1,10/1/2024,Net Banking,4.3,West,15
ORD00495,Cookware Set,Home & Kitchen,31749.94,1,5/25/2024,COD,3.1,South,5
ORD00496,Shampoo,Beauty,40944.77,2,11/3/2024,Credit Card,2.9,Central,20
ORD00497,Table Lamp,Home & Kitchen,20859.61,4,4/24/2024,Wallet,4.9,North,20
ORD00498,Educational Book,Books,6884.74,5,8/12/2024,Net Banking,1.4,West,10
ORD00499,Jeans,Clothing,40238.5,3,7/21/2024,Wallet,3.9,South,5
ORD00500,Smartphone,Electronics,10422.28,5,6/26/2024,Net Banking,3.5,North,5
ORD00501,Self-Help Book,Books,13862.56,1,12/31/2024,Wallet,1.6,West,10
ORD00502,Face Cream,Beauty,35911.22,4,9/12/2024,Credit Card,4.1,East,15
ORD00503,Jacket,Clothing,16523.69,3,8/17/2024,Credit Card,2.8,Central,10
ORD00504,Lipstick,Beauty,6566.03,5,4/20/2024,COD,2.6,South,25
ORD00505,Bedsheet,Home & Kitchen,18799.05,3,2/1/2025,UPI,4.3,South,20
ORD00506,Headphones,Electronics,8436.71,5,4/13/2024,Wallet,4.9,West,20
ORD00507,Cookware Set,Home & Kitchen,19380.5,4,6/23/2024,UPI,3.3,East,15
ORD00508,Lipstick,Beauty,20228.05,3,2/1/2025,UPI,1.2,West,15
ORD00509,Laptop,Electronics,28606.86,5,8/16/2024,UPI,4.8,Central,15
ORD00510,Fiction Novel,Books,16803.76,4,5/26/2024,Wallet,4,North,5
ORD00511,Face Cream,Beauty,18093.34,5,1/21/2025,Credit Card,4.2,Central,25
ORD00512,Tablet,Electronics,31737.13,5,4/12/2024,Net Banking,4,East,20
ORD00513,Lipstick,Beauty,49861.17,3,9/24/2024,UPI,2.5,East,20
ORD00514,Educational Book,Books,21233.35,1,9/2/2024,COD,1.7,South,10
ORD00515,Sofa Cover,Home & Kitchen,776.91,5,7/16/2024,COD,4.2,South,25
ORD00516,Lipstick,Beauty,25542.71,1,12/14/2024,UPI,2.2,North,25
ORD00517,Sneakers,Clothing,10818.28,5,7/22/2024,UPI,1.6,East,10
ORD00518,Tablet,Electronics,45801.19,5,10/24/2024,Credit Card,2.4,North,5
ORD00519,Face Cream,Beauty,6963.56,2,12/6/2024,Debit Card,3.3,South,10
ORD00520,Smartphone,Electronics,37082.11,1,6/12/2024,UPI,4.4,South,20
ORD00521,Cookbook,Books,6842.69,1,6/4/2024,UPI,3.6,East,10
ORD00522,Perfume,Beauty,7283.96,1,4/8/2024,COD,2,Central,15
ORD00523,Cookware Set,Home & Kitchen,218.58,5,4/20/2024,Wallet,4.8,Central,15
ORD00524,Laptop,Electronics,38689.7,3,9/28/2024,Debit Card,1.9,West,5
ORD00525,Table Lamp,Home & Kitchen,8863.97,2,9/26/2024,UPI,4.5,South,20
ORD00526,Sneakers,Clothing,12472.17,5,4/23/2024,UPI,1.9,West,25
ORD00527,Jeans,Clothing,8734.44,1,10/26/2024,Debit Card,2.5,North,15
ORD00528,Perfume,Beauty,32422.04,5,2/18/2024,Net Banking,1.9,Central,15
ORD00529,Laptop,Electronics,45532.34,5,4/28/2024,Credit Card,3.6,North,15
ORD00530,Face Cream,Beauty,22534.8,4,8/30/2024,COD,1.4,South,15
ORD00531,Self-Help Book,Books,26058.55,1,10/28/2024,UPI,2,East,5
ORD00532,Bedsheet,Home & Kitchen,13348.84,2,7/27/2024,COD,4.2,East,10
ORD00533,Table Lamp,Home & Kitchen,46792.3,1,6/16/2024,Credit Card,4.9,Central,5
ORD00534,Sofa Cover,Home & Kitchen,15764.25,4,5/12/2024,COD,4,East,15
ORD00535,Smartwatch,Electronics,45019,5,1/7/2025,COD,4.7,Central,5
ORD00536,Dress,Clothing,42794.4,4,6/25/2024,COD,4.6,Central,5
ORD00537,Educational Book,Books,492.53,1,4/15/2024,Credit Card,4.4,West,15
ORD00538,Sofa Cover,Home & Kitchen,30721.51,4,7/28/2024,Wallet,3.4,North,25
ORD00539,Cookware Set,Home & Kitchen,17162.64,3,7/12/2024,COD,4.7,South,25
ORD00540,Cookbook,Books,45888.54,3,4/8/2024,Credit Card,2,North,5
ORD00541,Table Lamp,Home & Kitchen,49052.43,3,12/2/2024,Debit Card,4.5,North,20
ORD00542,Sofa Cover,Home & Kitchen,2435.97,1,3/30/2024,Credit Card,2.3,North,5
ORD00543,Table Lamp,Home & Kitchen,48128.02,4,5/13/2024,Wallet,3.2,West,15
ORD00544,Perfume,Beauty,47111.56,5,4/30/2024,UPI,2.9,Central,20
ORD00545,Educational Book,Books,8091.3,5,8/14/2024,Credit Card,2,West,25
ORD00546,Bedsheet,Home & Kitchen,43217.1,5,12/18/2024,Debit Card,2.6,South,5
ORD00547,Jacket,Clothing,35592.76,2,5/6/2024,Debit Card,4.6,East,5
ORD00548,Hair Dryer,Beauty,9534.89,5,7/14/2024,Net Banking,4.2,West,5
ORD00549,Shampoo,Beauty,46990.87,4,4/2/2024,COD,1.7,East,10
ORD00550,Table Lamp,Home & Kitchen,31137.03,5,12/29/2024,Credit Card,2.6,South,25
ORD00551,Laptop,Electronics,35821.16,4,2/7/2025,Debit Card,2.1,North,15
ORD00552,Shampoo,Beauty,28156.95,5,5/6/2024,UPI,2.7,North,20
ORD00553,Lipstick,Beauty,9335.19,2,11/28/2024,COD,3.9,South,10
ORD00554,T-Shirt,Clothing,25114.77,2,8/7/2024,COD,3.6,South,10
ORD00555,Lipstick,Beauty,19961.03,3,11/28/2024,Credit Card,2.9,North,5
ORD00556,Laptop,Electronics,38488.04,2,8/4/2024,UPI,1.1,Central,25
ORD00557,Perfume,Beauty,20202.56,5,5/17/2024,Credit Card,3.6,West,20
ORD00558,Headphones,Electronics,39008.37,3,9/21/2024,Net Banking,2.2,North,25
ORD00559,Perfume,Beauty,9946.27,1,12/19/2024,Credit Card,1.1,East,15
ORD00560,T-Shirt,Clothing,7994.76,5,9/23/2024,Debit Card,1.5,Central,20
ORD00561,Cookware Set,Home & Kitchen,6341.62,3,12/6/2024,Credit Card,4.4,North,25
ORD00562,Jeans,Clothing,37503.57,4,4/3/2024,COD,1.8,West,25
ORD00563,Fiction Novel,Books,36760.35,1,8/27/2024,Credit Card,1.5,West,5
ORD00564,Jacket,Clothing,38023.86,5,7/22/2024,Credit Card,2.1,North,5
ORD00565,Dress,Clothing,17983.34,1,2/20/2024,COD,1.5,East,15
ORD00566,Bedsheet,Home & Kitchen,25457.34,5,5/11/2024,UPI,4.3,East,25
ORD00567,Self-Help Book,Books,26220.67,4,4/30/2024,Net Banking,3.3,East,20
ORD00568,Educational Book,Books,48670.07,1,2/1/2025,UPI,4.2,West,20
ORD00569,Smartphone,Electronics,12197.36,5,1/10/2025,Debit Card,3.5,North,20
ORD00570,Tablet,Electronics,14488.22,4,12/25/2024,Net Banking,2.7,South,5
ORD00571,Table Lamp,Home & Kitchen,33547.94,2,1/15/2025,Net Banking,1.1,East,10
ORD00572,Sneakers,Clothing,4800.26,5,3/23/2024,UPI,2.2,South,25
ORD00573,Cookware Set,Home & Kitchen,36429.57,4,4/8/2024,Credit Card,4.6,North,25
ORD00574,Tablet,Electronics,29775.43,4,2/17/2024,Debit Card,4.6,Central,10
ORD00575,Perfume,Beauty,10736.32,3,7/15/2024,UPI,3.7,West,5
ORD00576,Self-Help Book,Books,8005.02,5,5/10/2024,UPI,2.5,South,20
ORD00577,Perfume,Beauty,32078.48,3,3/27/2024,Credit Card,4.5,South,5
ORD00578,Smartwatch,Electronics,31277.18,1,9/10/2024,Debit Card,3,Central,20
ORD00579,Headphones,Electronics,31094.13,1,11/3/2024,UPI,2.7,West,25
ORD00580,Comic Book,Books,15881.67,4,1/19/2025,Wallet,4.3,West,25
ORD00581,Jacket,Clothing,16129.77,4,6/19/2024,Debit Card,1,North,20
ORD00582,Hair Dryer,Beauty,39478.69,5,11/24/2024,Credit Card,2.7,North,20
ORD00583,Comic Book,Books,29635.8,3,1/16/2025,Credit Card,1.2,Central,10
ORD00584,Smartwatch,Electronics,7892.27,2,5/2/2024,Net Banking,1.1,Central,10
ORD00585,Tablet,Electronics,45112.24,3,11/13/2024,Wallet,4.7,South,20
ORD00586,Jeans,Clothing,26527.78,4,2/15/2024,Net Banking,3.7,Central,5
ORD00587,Cookware Set,Home & Kitchen,37170.4,5,5/8/2024,Debit Card,3.7,East,10
ORD00588,Jeans,Clothing,47535.79,5,2/15/2024,Debit Card,1.8,South,10
ORD00589,Bedsheet,Home & Kitchen,30252.89,4,12/16/2024,Wallet,4.1,North,10
ORD00590,Sneakers,Clothing,3126.9,3,10/30/2024,COD,1.9,North,15
ORD00591,Self-Help Book,Books,40295.47,3,4/29/2024,UPI,2.8,Central,10
ORD00592,Perfume,Beauty,462,4,6/18/2024,COD,3.4,Central,5
ORD00593,Lipstick,Beauty,22475.54,3,3/15/2024,UPI,1.6,North,20
ORD00594,Headphones,Electronics,19218.55,2,9/20/2024,Wallet,4.5,West,25
ORD00595,Smartwatch,Electronics,31162.39,5,4/16/2024,Credit Card,3.4,South,10
ORD00596,Hair Dryer,Beauty,16017.54,1,6/15/2024,UPI,3.5,North,5
ORD00597,Cookware Set,Home & Kitchen,19008.81,4,7/5/2024,COD,4.2,North,5
ORD00598,Headphones,Electronics,22353.43,3,12/2/2024,Debit Card,1.3,West,25
ORD00599,Mixer Grinder,Home & Kitchen,30122.28,5,1/30/2025,UPI,4.8,West,5
ORD00600,Tablet,Electronics,7289.72,5,5/29/2024,Wallet,1.9,Central,5
ORD00601,Smartwatch,Electronics,32122.43,4,2/22/2024,COD,2.8,West,25
ORD00602,Sneakers,Clothing,43852.34,3,4/24/2024,Net Banking,4.2,South,10
ORD00603,Bedsheet,Home & Kitchen,23005.86,1,7/18/2024,Credit Card,4.8,South,5
ORD00604,Sneakers,Clothing,48580.6,1,10/9/2024,UPI,3,East,25
ORD00605,Face Cream,Beauty,10320.87,5,2/5/2025,Wallet,2.8,Central,10
ORD00606,Cookware Set,Home & Kitchen,43149.24,1,7/6/2024,UPI,1.9,North,25
ORD00607,Self-Help Book,Books,567.81,4,1/17/2025,Wallet,4.5,South,15
ORD00608,Comic Book,Books,6705.43,5,9/1/2024,Wallet,4.5,South,5
ORD00609,T-Shirt,Clothing,29974.35,5,1/1/2025,Wallet,3.1,East,20
ORD00610,Tablet,Electronics,5739.3,4,7/15/2024,Credit Card,4.6,West,15
ORD00611,Jeans,Clothing,21417.72,4,7/20/2024,Debit Card,4.5,Central,25
ORD00612,Table Lamp,Home & Kitchen,25404.68,4,1/11/2025,Credit Card,4.6,Central,25
ORD00613,Mixer Grinder,Home & Kitchen,27582.01,2,2/13/2024,Debit Card,1.5,East,10
ORD00614,Bedsheet,Home & Kitchen,23584.89,3,7/7/2024,Wallet,4.1,Central,5
ORD00615,Educational Book,Books,24444.89,3,8/29/2024,Wallet,1.2,South,10
ORD00616,Dress,Clothing,8080.22,2,3/7/2024,Debit Card,3.6,Central,15
ORD00617,Lipstick,Beauty,27860.8,2,7/14/2024,Credit Card,2.6,West,5
ORD00618,Fiction Novel,Books,30468.47,3,6/27/2024,Credit Card,1.7,North,15
ORD00619,Lipstick,Beauty,7718.78,1,12/28/2024,Debit Card,1.1,West,15
ORD00620,Face Cream,Beauty,34866.42,1,12/18/2024,COD,3.6,North,15
ORD00621,Sneakers,Clothing,5369.5,1,10/9/2024,COD,3.2,North,15
ORD00622,Perfume,Beauty,18338.76,5,2/15/2024,Wallet,4,West,10
ORD00623,Headphones,Electronics,48287.49,4,11/28/2024,UPI,1.1,Central,5
ORD00624,T-Shirt,Clothing,18161.01,4,7/13/2024,Credit Card,2.3,East,15
ORD00625,Jeans,Clothing,21064.01,3,7/14/2024,Net Banking,1.9,West,10
ORD00626,Fiction Novel,Books,8598.22,5,2/7/2025,UPI,1.4,South,25
ORD00627,Smartwatch,Electronics,27897.4,2,11/5/2024,COD,1.8,South,5
ORD00628,Lipstick,Beauty,3153.16,2,8/27/2024,Net Banking,4.4,South,25
ORD00629,Headphones,Electronics,25634.9,1,10/1/2024,Net Banking,4.3,South,10
ORD00630,Smartphone,Electronics,9427.83,3,6/14/2024,Net Banking,4.2,South,20
ORD00631,Shampoo,Beauty,22564.13,1,10/10/2024,Wallet,3.2,West,10
ORD00632,Sneakers,Clothing,47288.95,1,1/10/2025,Wallet,3.1,North,25
ORD00633,Educational Book,Books,24537.79,3,10/9/2024,Credit Card,1.6,West,25
ORD00634,Smartwatch,Electronics,22226.76,5,6/15/2024,Debit Card,4.7,Central,15
ORD00635,Hair Dryer,Beauty,14103.34,2,6/23/2024,COD,1.6,West,25
ORD00636,Sofa Cover,Home & Kitchen,19376.32,1,9/22/2024,UPI,4.5,North,10
ORD00637,Educational Book,Books,41619.15,1,5/11/2024,Debit Card,4.9,West,20
ORD00638,Cookware Set,Home & Kitchen,14084.61,3,9/15/2024,Wallet,4.9,Central,5
ORD00639,Smartwatch,Electronics,25935.66,5,12/23/2024,Debit Card,3.7,South,20
ORD00640,Smartwatch,Electronics,30657.64,5,12/10/2024,Net Banking,4.8,North,20
ORD00641,Dress,Clothing,13596.18,3,7/6/2024,Credit Card,2.9,North,10
ORD00642,Hair Dryer,Beauty,28379.75,5,12/3/2024,COD,4.4,Central,5
ORD00643,Dress,Clothing,12422.09,2,4/5/2024,COD,3.4,North,5
ORD00644,Shampoo,Beauty,18747.94,1,10/31/2024,Net Banking,2.2,West,20
ORD00645,Smartwatch,Electronics,35524.56,1,8/8/2024,UPI,2,East,15
ORD00646,T-Shirt,Clothing,36454.63,1,6/21/2024,UPI,4.3,North,25
ORD00647,Laptop,Electronics,23249.27,3,9/28/2024,Credit Card,2.2,South,25
ORD00648,Shampoo,Beauty,48842.53,1,5/12/2024,Net Banking,2.7,North,20
ORD00649,Tablet,Electronics,21881.01,1,5/11/2024,Wallet,3.5,North,5
ORD00650,Educational Book,Books,38964.36,5,10/29/2024,Wallet,3.9,North,15
ORD00651,Sofa Cover,Home & Kitchen,1435.38,4,3/24/2024,UPI,2,South,15
ORD00652,Laptop,Electronics,2536.16,5,5/18/2024,COD,1.8,Central,5
ORD00653,Headphones,Electronics,21992.38,5,7/28/2024,Debit Card,3.9,East,15
ORD00654,Lipstick,Beauty,20194.2,2,10/16/2024,Debit Card,3.1,South,25
ORD00655,Jacket,Clothing,18789.81,3,4/25/2024,Debit Card,2,West,15
ORD00656,Laptop,Electronics,33027.63,2,8/31/2024,COD,1.5,East,5
ORD00657,Shampoo,Beauty,44953.24,5,7/27/2024,Wallet,1.1,North,20
ORD00658,Jacket,Clothing,47047.23,5,11/17/2024,Wallet,3,West,15
ORD00659,Headphones,Electronics,34358.78,3,9/28/2024,Net Banking,2.4,North,5
ORD00660,Lipstick,Beauty,12779.59,5,11/24/2024,Credit Card,2.8,South,25
ORD00661,Cookbook,Books,30878.47,5,7/11/2024,UPI,2.5,South,25
ORD00662,Face Cream,Beauty,24227.24,1,3/1/2024,Debit Card,2.7,North,5
ORD00663,Jeans,Clothing,15282.31,4,6/17/2024,Net Banking,2.1,South,5
ORD00664,Lipstick,Beauty,46933.96,1,6/3/2024,Debit Card,2.5,East,5
ORD00665,Perfume,Beauty,14622.12,1,1/2/2025,Credit Card,4.9,South,5
ORD00666,Cookbook,Books,34830.28,4,11/13/2024,Credit Card,2.9,South,10
ORD00667,Perfume,Beauty,43118.19,5,1/17/2025,Net Banking,4,North,10
ORD00668,Cookbook,Books,29885.36,3,5/4/2024,Debit Card,4.1,West,20
ORD00669,Educational Book,Books,7728.33,5,6/28/2024,COD,3.9,Central,10
ORD00670,Cookware Set,Home & Kitchen,36096.74,5,1/22/2025,Net Banking,1.8,North,5
ORD00671,T-Shirt,Clothing,19275.66,4,4/17/2024,Net Banking,1.8,West,5
ORD00672,Sofa Cover,Home & Kitchen,15387.59,4,9/23/2024,Wallet,1,North,5
ORD00673,Smartphone,Electronics,23806.64,1,3/2/2024,Debit Card,2.5,Central,20
ORD00674,Hair Dryer,Beauty,28568.97,1,7/2/2024,Debit Card,1,West,15
ORD00675,Laptop,Electronics,40753.52,1,3/1/2024,Debit Card,4.2,West,25
ORD00676,Tablet,Electronics,38571.81,4,3/16/2024,COD,1.2,South,25
ORD00677,Smartphone,Electronics,25161.91,5,5/4/2024,Wallet,3.4,East,10
ORD00678,Perfume,Beauty,12124.19,3,11/21/2024,Debit Card,4.7,North,10
ORD00679,Educational Book,Books,2013.64,3,3/13/2024,UPI,3.8,East,5
ORD00680,Bedsheet,Home & Kitchen,6002.25,3,10/4/2024,COD,3.5,East,20
ORD00681,Self-Help Book,Books,31332.42,4,9/8/2024,Credit Card,1.4,East,20
ORD00682,Bedsheet,Home & Kitchen,17539.19,1,7/7/2024,Wallet,3.9,Central,5
ORD00683,Fiction Novel,Books,14865.47,2,8/23/2024,UPI,1.6,North,5
ORD00684,Dress,Clothing,48130.6,5,11/23/2024,UPI,4,West,5
ORD00685,Educational Book,Books,8970.27,3,6/21/2024,COD,1.1,North,25
ORD00686,Headphones,Electronics,14359.73,2,6/22/2024,UPI,4.4,East,15
ORD00687,Perfume,Beauty,17009.73,4,11/12/2024,Debit Card,3.7,North,25
ORD00688,T-Shirt,Clothing,10385.24,2,3/22/2024,UPI,4.7,North,5
ORD00689,Tablet,Electronics,28261.1,2,1/26/2025,Wallet,4.3,South,5
ORD00690,Jeans,Clothing,23320.94,2,5/2/2024,Wallet,3.2,South,5
ORD00691,T-Shirt,Clothing,16038,5,12/20/2024,Credit Card,2.3,East,25
ORD00692,Sneakers,Clothing,43719.71,5,11/12/2024,UPI,3.4,East,20
ORD00693,Cookbook,Books,19669.48,2,5/17/2024,Wallet,2,East,5
ORD00694,Lipstick,Beauty,27396.01,1,3/20/2024,COD,4.9,Central,15
ORD00695,Jacket,Clothing,13763.17,5,5/22/2024,Wallet,3.6,North,5
ORD00696,Cookware Set,Home & Kitchen,6421.63,2,3/5/2024,Net Banking,1.5,Central,15
ORD00697,Self-Help Book,Books,4617.2,4,3/19/2024,UPI,3.8,South,15
ORD00698,T-Shirt,Clothing,6022.31,5,8/9/2024,Credit Card,3.5,West,15
ORD00699,Face Cream,Beauty,38968.52,4,11/4/2024,Net Banking,3.9,North,10
ORD00700,Laptop,Electronics,20435.34,5,10/17/2024,Credit Card,3.8,North,15
ORD00701,Tablet,Electronics,25115.71,2,8/18/2024,Wallet,2.5,North,20
ORD00702,Headphones,Electronics,36115.48,1,4/13/2024,UPI,3,Central,5
ORD00703,Table Lamp,Home & Kitchen,13372.74,2,9/8/2024,Wallet,1.7,East,25
ORD00704,Educational Book,Books,32472.59,1,3/27/2024,Wallet,1,South,15
ORD00705,Fiction Novel,Books,12097.46,5,5/21/2024,COD,4.2,Central,20
ORD00706,Cookbook,Books,34446.42,3,2/27/2024,UPI,2.4,South,25
ORD00707,Educational Book,Books,13420.4,4,12/26/2024,COD,4.7,East,20
ORD00708,Comic Book,Books,20686.94,3,12/26/2024,Wallet,4.1,West,10
ORD00709,Headphones,Electronics,29418.33,2,7/30/2024,COD,3.3,East,20
ORD00710,Self-Help Book,Books,6115.91,1,5/14/2024,UPI,1.5,North,20
ORD00711,Self-Help Book,Books,33404.12,3,8/21/2024,Debit Card,2.7,North,5
ORD00712,Jeans,Clothing,40046.19,2,5/7/2024,UPI,1.2,Central,15
ORD00713,Self-Help Book,Books,22709.95,2,10/24/2024,Credit Card,4,East,20
ORD00714,Fiction Novel,Books,22315.58,1,9/8/2024,UPI,2.6,Central,5
ORD00715,Jeans,Clothing,47608.93,1,2/25/2024,UPI,4.2,South,25
ORD00716,Jacket,Clothing,19846.64,1,8/9/2024,Net Banking,3.3,West,20
ORD00717,Fiction Novel,Books,5975.89,3,9/1/2024,UPI,4.8,South,5
ORD00718,Fiction Novel,Books,49409.89,4,9/26/2024,Net Banking,4.1,South,25
ORD00719,Dress,Clothing,13885.05,5,10/12/2024,Credit Card,3.5,East,20
ORD00720,Shampoo,Beauty,4080.78,3,4/8/2024,Credit Card,4.9,North,5
ORD00721,Headphones,Electronics,27306.31,3,3/18/2024,Credit Card,3.8,Central,5
ORD00722,Cookware Set,Home & Kitchen,16580.24,5,12/2/2024,Net Banking,4.6,East,5
ORD00723,Comic Book,Books,12798.83,4,11/6/2024,UPI,5,South,25
ORD00724,Educational Book,Books,18574.12,1,10/14/2024,Wallet,3.3,East,10
ORD00725,Cookware Set,Home & Kitchen,30836.98,4,2/14/2024,Wallet,1.1,West,20
ORD00726,Sneakers,Clothing,48620.13,4,7/21/2024,Debit Card,1.9,North,15
ORD00727,Cookbook,Books,16390.44,2,8/12/2024,Credit Card,4.2,North,20
ORD00728,Face Cream,Beauty,18862.01,3,12/10/2024,Wallet,3,East,15
ORD00729,Smartwatch,Electronics,11448.28,1,8/4/2024,Net Banking,3.6,Central,10
ORD00730,Hair Dryer,Beauty,24384.05,2,7/26/2024,Debit Card,3,East,5
ORD00731,Perfume,Beauty,18179.43,1,3/20/2024,Wallet,4.3,Central,10
ORD00732,Cookware Set,Home & Kitchen,22430.51,1,9/19/2024,Credit Card,4.5,South,25
ORD00733,Sofa Cover,Home & Kitchen,10241.78,2,1/15/2025,Wallet,3.7,East,5
ORD00734,Dress,Clothing,17800.74,3,11/5/2024,Wallet,2.9,North,5
ORD00735,Comic Book,Books,16174.96,5,2/19/2024,Credit Card,4.9,Central,10
ORD00736,Cookware Set,Home & Kitchen,2370.61,5,6/8/2024,Debit Card,3.1,East,10
ORD00737,Hair Dryer,Beauty,139.85,3,9/14/2024,UPI,2,Central,5
ORD00738,Smartwatch,Electronics,2519.18,1,12/1/2024,Net Banking,2.4,West,25
ORD00739,Hair Dryer,Beauty,32626.32,4,10/21/2024,UPI,2.9,West,20
ORD00740,Smartphone,Electronics,14636.55,3,5/9/2024,Credit Card,3.6,East,25
ORD00741,Face Cream,Beauty,19549.44,5,8/7/2024,Wallet,1.7,East,10
ORD00742,Headphones,Electronics,37195.73,2,11/28/2024,UPI,2.7,North,15
ORD00743,Sofa Cover,Home & Kitchen,34821.93,3,10/20/2024,Credit Card,4.4,South,5
ORD00744,Lipstick,Beauty,28630.92,4,1/18/2025,Credit Card,4.2,West,15
ORD00745,T-Shirt,Clothing,25059.36,5,3/7/2024,UPI,2.4,South,10
ORD00746,Sofa Cover,Home & Kitchen,47795.34,1,12/13/2024,COD,2.3,East,20
ORD00747,Sneakers,Clothing,36918.2,4,2/28/2024,Wallet,3.2,East,20
ORD00748,Lipstick,Beauty,3394.38,3,6/26/2024,UPI,3.5,West,20
ORD00749,Smartphone,Electronics,11142.38,5,8/7/2024,Credit Card,3.3,West,5
ORD00750,Cookware Set,Home & Kitchen,18602.85,5,10/25/2024,UPI,4.3,East,20
ORD00751,Jacket,Clothing,13557.11,5,5/25/2024,Net Banking,1.3,East,25
ORD00752,Mixer Grinder,Home & Kitchen,13559.18,1,8/11/2024,Debit Card,1,West,10
ORD00753,Tablet,Electronics,41926.03,2,2/1/2025,COD,3.6,Central,5
ORD00754,Lipstick,Beauty,12930.46,4,12/30/2024,Net Banking,1.9,West,25
ORD00755,Laptop,Electronics,37355.59,3,7/8/2024,Wallet,1.7,South,15
ORD00756,Lipstick,Beauty,18385.32,5,5/15/2024,UPI,3.8,East,10
ORD00757,Cookbook,Books,5299.58,4,8/27/2024,Debit Card,2.8,Central,10
ORD00758,Educational Book,Books,7649.41,4,4/16/2024,UPI,1.6,North,5
ORD00759,Mixer Grinder,Home & Kitchen,36950.98,4,10/7/2024,Debit Card,3,East,10
ORD00760,Comic Book,Books,2136.99,1,9/7/2024,Net Banking,2.2,West,5
ORD00761,Sofa Cover,Home & Kitchen,19693.93,5,4/13/2024,Wallet,1.9,East,25
ORD00762,Sofa Cover,Home & Kitchen,16179.61,2,11/11/2024,Debit Card,2.7,Central,20
ORD00763,Educational Book,Books,45910.23,4,12/26/2024,Net Banking,1.6,Central,10
ORD00764,Lipstick,Beauty,6685.9,2,2/20/2024,Debit Card,2,East,20
ORD00765,Self-Help Book,Books,2258.89,3,9/12/2024,Wallet,2,Central,10
ORD00766,Educational Book,Books,25282.52,1,9/6/2024,Credit Card,4.5,East,15
ORD00767,Shampoo,Beauty,11461.72,5,11/6/2024,Debit Card,3,East,5
ORD00768,Shampoo,Beauty,17915.6,4,8/28/2024,UPI,1.8,South,5
ORD00769,Lipstick,Beauty,22703.03,2,5/6/2024,Net Banking,5,West,10
ORD00770,Headphones,Electronics,42210.82,2,3/24/2024,Wallet,2.8,South,15
ORD00771,Sofa Cover,Home & Kitchen,7355.5,3,1/27/2025,Net Banking,2,West,15
ORD00772,Table Lamp,Home & Kitchen,13879,1,6/12/2024,COD,2.5,West,5
ORD00773,Sofa Cover,Home & Kitchen,42604.95,5,7/11/2024,Net Banking,3,North,20
ORD00774,Smartwatch,Electronics,31265.89,1,6/20/2024,UPI,4.9,Central,15
ORD00775,Dress,Clothing,20020.83,5,9/1/2024,Credit Card,1.8,South,25
ORD00776,Cookbook,Books,24680.19,3,5/21/2024,COD,3.5,Central,10
ORD00777,Lipstick,Beauty,22254.17,4,4/14/2024,Debit Card,3.8,Central,20
ORD00778,Fiction Novel,Books,4226.03,1,9/7/2024,Debit Card,2.8,West,10
ORD00779,Bedsheet,Home & Kitchen,46315.8,3,5/24/2024,Wallet,2.4,West,25
ORD00780,Smartwatch,Electronics,1320.32,3,1/8/2025,Wallet,2,Central,20
ORD00781,Cookbook,Books,9772.82,4,11/4/2024,UPI,3.1,Central,20
ORD00782,Comic Book,Books,47666.18,1,2/12/2024,UPI,2.3,North,15
ORD00783,Jeans,Clothing,7673.62,2,6/13/2024,COD,4.6,East,25
ORD00784,Sofa Cover,Home & Kitchen,41671.06,2,2/1/2025,UPI,2.3,North,10
ORD00785,Table Lamp,Home & Kitchen,15793.43,5,9/22/2024,Net Banking,1.3,Central,10
ORD00786,Lipstick,Beauty,6767.81,1,12/27/2024,COD,2.1,East,10
ORD00787,Lipstick,Beauty,1011.22,5,11/5/2024,Net Banking,4.7,West,20
ORD00788,Headphones,Electronics,13371.25,4,7/5/2024,Credit Card,1.6,South,5
ORD00789,Jeans,Clothing,28972.11,2,8/1/2024,Credit Card,2.1,West,5
ORD00790,Perfume,Beauty,17212.34,1,2/6/2025,COD,3.5,North,5
ORD00791,Educational Book,Books,48742,1,9/16/2024,UPI,1.1,East,10
ORD00792,Smartphone,Electronics,19117.36,3,2/8/2025,COD,1.6,North,25
ORD00793,Tablet,Electronics,847.39,5,12/15/2024,Net Banking,4,West,25
ORD00794,Mixer Grinder,Home & Kitchen,14796.32,2,11/29/2024,Wallet,1.2,West,10
ORD00795,Face Cream,Beauty,5238.33,3,10/24/2024,Wallet,1.6,West,20
ORD00796,Mixer Grinder,Home & Kitchen,31430.94,5,11/2/2024,Debit Card,4.6,West,10
ORD00797,Jeans,Clothing,27532.48,4,4/9/2024,UPI,2.2,North,5
ORD00798,Jeans,Clothing,41121.95,3,2/20/2024,COD,1.4,Central,15
ORD00799,Laptop,Electronics,12944.89,2,4/10/2024,COD,1.9,West,5
ORD00800,T-Shirt,Clothing,4729.04,5,9/9/2024,COD,4,South,10
ORD00801,Lipstick,Beauty,31512.97,2,12/18/2024,COD,2.1,South,25
ORD00802,Smartwatch,Electronics,46891.65,3,11/8/2024,Net Banking,2.9,North,20
ORD00803,Dress,Clothing,34137.79,2,9/23/2024,Net Banking,1.8,Central,5
ORD00804,Table Lamp,Home & Kitchen,41000.91,4,9/11/2024,UPI,4.5,East,15
ORD00805,Laptop,Electronics,7672.34,4,4/10/2024,UPI,1.1,East,15
ORD00806,Educational Book,Books,25186.79,3,2/22/2024,COD,3.8,East,5
ORD00807,Shampoo,Beauty,41285.25,1,12/5/2024,COD,1.8,East,20
ORD00808,Shampoo,Beauty,30435.75,2,4/9/2024,Credit Card,3.1,North,25
ORD00809,Laptop,Electronics,45786.56,5,12/22/2024,Wallet,1.4,Central,25
ORD00810,Fiction Novel,Books,26700.19,3,3/26/2024,COD,1.5,Central,25
ORD00811,Sneakers,Clothing,27367.02,3,7/3/2024,Wallet,1.4,West,15
ORD00812,Tablet,Electronics,17213.3,3,4/21/2024,Net Banking,1.7,North,5
ORD00813,Mixer Grinder,Home & Kitchen,4084.62,5,2/26/2024,UPI,4.3,East,20
ORD00814,Table Lamp,Home & Kitchen,9213.55,4,7/17/2024,COD,2.5,Central,10
ORD00815,T-Shirt,Clothing,6114.55,4,8/27/2024,Debit Card,3.7,South,5
ORD00816,Comic Book,Books,21670.52,4,4/9/2024,COD,4.6,West,15
ORD00817,Face Cream,Beauty,37528.53,4,1/21/2025,UPI,1.6,West,25
ORD00818,Smartphone,Electronics,46526.93,5,12/20/2024,Net Banking,2.2,West,10
ORD00819,Self-Help Book,Books,4042.56,2,3/14/2024,Debit Card,3.7,East,20
ORD00820,Cookware Set,Home & Kitchen,35777.51,1,12/23/2024,Net Banking,3.2,East,10
ORD00821,Bedsheet,Home & Kitchen,4160.52,2,12/6/2024,Net Banking,3.8,East,25
ORD00822,Laptop,Electronics,20754.92,3,8/10/2024,Debit Card,1.9,South,10
ORD00823,Comic Book,Books,34460.43,2,3/6/2024,COD,4.6,West,25
ORD00824,Table Lamp,Home & Kitchen,22835.78,5,2/22/2024,Wallet,4.1,West,10
ORD00825,Shampoo,Beauty,5361.18,2,10/16/2024,Net Banking,3,Central,5
ORD00826,Jacket,Clothing,41996.61,2,11/20/2024,COD,2.1,West,10
ORD00827,Perfume,Beauty,43606.83,4,4/11/2024,Debit Card,3.6,West,5
ORD00828,Smartwatch,Electronics,14290.07,5,12/12/2024,Debit Card,2.3,North,15
ORD00829,Laptop,Electronics,32760.67,3,6/26/2024,Net Banking,1,East,15
ORD00830,Comic Book,Books,26403.73,1,11/8/2024,Debit Card,3.3,West,20
ORD00831,Hair Dryer,Beauty,34069.64,1,11/14/2024,Wallet,3,South,10
ORD00832,Table Lamp,Home & Kitchen,47284.54,5,3/1/2024,Net Banking,2.4,East,10
ORD00833,Smartwatch,Electronics,28678.88,4,10/17/2024,Net Banking,3.7,Central,25
ORD00834,Face Cream,Beauty,44918.35,5,7/23/2024,Wallet,4.4,West,10
ORD00835,Hair Dryer,Beauty,31727.37,1,11/11/2024,Debit Card,1.7,South,15
ORD00836,Bedsheet,Home & Kitchen,10766.58,3,4/5/2024,Credit Card,4.2,West,10
ORD00837,Lipstick,Beauty,25288.2,4,8/15/2024,Debit Card,4.8,South,25
ORD00838,Laptop,Electronics,35506.5,5,5/26/2024,UPI,4.5,North,10
ORD00839,Fiction Novel,Books,7682.98,4,8/15/2024,COD,4.8,West,25
ORD00840,Smartphone,Electronics,32664.01,2,3/22/2024,Net Banking,2.5,West,25
ORD00841,Table Lamp,Home & Kitchen,14359.56,3,7/9/2024,Debit Card,2.3,North,25
ORD00842,Sneakers,Clothing,3632.93,5,8/24/2024,Credit Card,2.1,West,10
ORD00843,Mixer Grinder,Home & Kitchen,30519.71,1,2/13/2024,Net Banking,3.2,West,10
ORD00844,Sofa Cover,Home & Kitchen,999.54,3,1/3/2025,Debit Card,3.2,North,5
ORD00845,Mixer Grinder,Home & Kitchen,15481.49,3,5/20/2024,Wallet,2.1,North,20
ORD00846,Table Lamp,Home & Kitchen,33814.72,2,10/9/2024,Net Banking,1.3,East,20
ORD00847,Table Lamp,Home & Kitchen,13559.39,3,9/15/2024,Net Banking,3.6,West,25
ORD00848,T-Shirt,Clothing,18461.51,3,9/14/2024,COD,4.4,South,20
ORD00849,Smartphone,Electronics,22868.39,4,6/3/2024,Debit Card,1.3,West,5
ORD00850,Sofa Cover,Home & Kitchen,17795.7,2,6/15/2024,COD,4.2,East,10
ORD00851,Perfume,Beauty,20095.19,4,1/13/2025,Credit Card,2.7,Central,5
ORD00852,Cookware Set,Home & Kitchen,13998.81,2,7/13/2024,Net Banking,2.7,North,10
ORD00853,Mixer Grinder,Home & Kitchen,787.27,3,4/6/2024,UPI,2.1,South,10
ORD00854,Laptop,Electronics,47363.2,3,11/12/2024,Credit Card,3.3,East,5
ORD00855,Sneakers,Clothing,9655.03,4,11/16/2024,Credit Card,1.5,West,20
ORD00856,Cookware Set,Home & Kitchen,24151.49,1,10/2/2024,UPI,4.8,North,25
ORD00857,Comic Book,Books,3697.32,4,2/27/2024,UPI,1.3,North,5
ORD00858,Educational Book,Books,43840.04,5,12/12/2024,Credit Card,3,West,15
ORD00859,Sofa Cover,Home & Kitchen,6494.62,5,9/4/2024,UPI,2.6,South,5
ORD00860,Educational Book,Books,7761.67,1,2/3/2025,UPI,4.8,Central,20
ORD00861,Hair Dryer,Beauty,43300.52,4,10/23/2024,COD,1.1,South,15
ORD00862,Sofa Cover,Home & Kitchen,36583.04,4,4/18/2024,COD,2,Central,25
ORD00863,Smartwatch,Electronics,43298.08,3,7/28/2024,UPI,1.6,North,5
ORD00864,Self-Help Book,Books,47427.3,5,3/29/2024,Wallet,4,South,10
ORD00865,Smartphone,Electronics,32950.95,5,7/26/2024,Net Banking,2.2,North,25
ORD00866,Face Cream,Beauty,14064.35,2,4/19/2024,Net Banking,2.9,Central,25
ORD00867,Lipstick,Beauty,49911.75,3,5/18/2024,Wallet,3.1,West,20
ORD00868,Headphones,Electronics,40986.82,3,1/22/2025,COD,3.5,North,20
ORD00869,Sofa Cover,Home & Kitchen,32863.88,4,3/15/2024,Wallet,4.9,North,5
ORD00870,Perfume,Beauty,37424.59,4,8/1/2024,Net Banking,1.2,North,5
ORD00871,Table Lamp,Home & Kitchen,36930.76,2,5/15/2024,Debit Card,1.9,West,5
ORD00872,Cookbook,Books,40379.73,1,11/2/2024,COD,3.8,South,15
ORD00873,T-Shirt,Clothing,16938.75,5,2/29/2024,Debit Card,3.2,East,10
ORD00874,Dress,Clothing,2415.32,5,9/24/2024,COD,3.2,East,15
ORD00875,Hair Dryer,Beauty,49127.14,3,8/31/2024,UPI,1,West,15
ORD00876,Jacket,Clothing,1416.84,3,6/7/2024,Net Banking,1.8,South,10
ORD00877,Hair Dryer,Beauty,21112.13,3,8/22/2024,UPI,1.9,East,5
ORD00878,Lipstick,Beauty,13061.91,5,10/24/2024,Debit Card,1.9,Central,25
ORD00879,Self-Help Book,Books,7465.89,5,3/28/2024,Debit Card,4.4,South,20
ORD00880,Fiction Novel,Books,38005.05,1,1/1/2025,UPI,4,South,5
ORD00881,T-Shirt,Clothing,42307.18,5,8/21/2024,COD,4.1,East,25
ORD00882,Mixer Grinder,Home & Kitchen,28727.4,3,5/22/2024,COD,4.7,East,10
ORD00883,Hair Dryer,Beauty,8465.28,3,12/12/2024,Credit Card,1.8,South,10
ORD00884,Cookbook,Books,17194.75,3,5/15/2024,Wallet,1.9,North,25
ORD00885,Sneakers,Clothing,26550.66,4,3/9/2024,COD,3.3,South,5
ORD00886,Educational Book,Books,24335.78,4,4/9/2024,UPI,3.1,South,20
ORD00887,Sofa Cover,Home & Kitchen,17308.52,1,10/29/2024,Net Banking,2.2,Central,10
ORD00888,Laptop,Electronics,18097.79,1,5/22/2024,Net Banking,3.8,Central,5
ORD00889,Cookbook,Books,45792.57,2,6/10/2024,Credit Card,3.1,Central,5
ORD00890,Hair Dryer,Beauty,35879.79,4,3/2/2024,UPI,4.4,North,10
ORD00891,Cookware Set,Home & Kitchen,16158.74,3,8/24/2024,COD,4.2,East,5
ORD00892,Jeans,Clothing,15387.4,1,3/3/2024,UPI,4.2,North,5
ORD00893,Fiction Novel,Books,11134.83,5,10/9/2024,Net Banking,3.2,Central,5
ORD00894,Face Cream,Beauty,49835.85,3,9/2/2024,Credit Card,4.5,South,10
ORD00895,Tablet,Electronics,1002.29,1,1/8/2025,UPI,1.4,Central,5
ORD00896,Headphones,Electronics,26448.24,4,7/20/2024,Net Banking,1.2,South,10
ORD00897,Lipstick,Beauty,30650.46,5,9/12/2024,Net Banking,1.6,East,15
ORD00898,Mixer Grinder,Home & Kitchen,31978.03,2,5/19/2024,Credit Card,3.7,East,20
ORD00899,Dress,Clothing,45516.21,1,7/19/2024,UPI,1,Central,5
ORD00900,Comic Book,Books,31922.03,1,5/21/2024,Net Banking,2.5,North,5
ORD00901,Lipstick,Beauty,3481.52,3,8/4/2024,Net Banking,1.1,East,25
ORD00902,Table Lamp,Home & Kitchen,27507.36,4,9/14/2024,Credit Card,4.5,South,20
ORD00903,Table Lamp,Home & Kitchen,34870.12,5,1/23/2025,Debit Card,2.7,East,25
ORD00904,Table Lamp,Home & Kitchen,11540.73,1,8/8/2024,Wallet,3.6,East,10
ORD00905,Laptop,Electronics,2926.8,4,2/19/2024,Credit Card,2.3,East,5
ORD00906,Educational Book,Books,37341.95,2,10/2/2024,Debit Card,4.8,East,20
ORD00907,Table Lamp,Home & Kitchen,30100.73,1,3/1/2024,UPI,1.7,East,10
ORD00908,Jeans,Clothing,4442.1,3,3/29/2024,Debit Card,2.8,North,20
ORD00909,Bedsheet,Home & Kitchen,18657.99,5,1/2/2025,Net Banking,1.7,South,5
ORD00910,Shampoo,Beauty,41402.76,1,7/10/2024,Credit Card,3.2,South,15
ORD00911,Educational Book,Books,49796.61,1,10/25/2024,COD,4.1,North,5
ORD00912,Perfume,Beauty,32712.91,2,5/3/2024,Net Banking,4.2,Central,20
ORD00913,Face Cream,Beauty,26281.98,1,6/24/2024,Debit Card,4.3,Central,20
ORD00914,Table Lamp,Home & Kitchen,30805.88,5,6/15/2024,Credit Card,1.1,East,15
ORD00915,Dress,Clothing,9045.23,5,7/4/2024,COD,4.6,South,10
ORD00916,Headphones,Electronics,16003.38,2,9/13/2024,UPI,4.1,North,25
ORD00917,Jeans,Clothing,35139.53,1,5/19/2024,Wallet,2.9,North,15
ORD00918,Fiction Novel,Books,13640.1,4,4/10/2024,Wallet,3.3,South,25
ORD00919,Cookware Set,Home & Kitchen,5535.76,2,2/4/2025,UPI,3.6,South,5
ORD00920,Mixer Grinder,Home & Kitchen,1039.11,4,10/17/2024,Credit Card,3.8,Central,15
ORD00921,Table Lamp,Home & Kitchen,41169.65,5,12/15/2024,Credit Card,2.7,Central,15
ORD00922,Laptop,Electronics,21472.14,2,9/8/2024,Debit Card,3.4,North,15
ORD00923,Comic Book,Books,7936.7,5,12/10/2024,Debit Card,3.1,West,20
ORD00924,Jacket,Clothing,23939.92,3,12/10/2024,Net Banking,2.1,North,20
ORD00925,Jeans,Clothing,47480.71,5,9/9/2024,UPI,3.1,East,20
ORD00926,Sofa Cover,Home & Kitchen,8058.4,3,11/28/2024,Net Banking,2.9,North,10
ORD00927,Shampoo,Beauty,32369.52,2,1/27/2025,Debit Card,2.7,Central,20
ORD00928,Jeans,Clothing,29604.77,4,5/6/2024,Wallet,3.7,East,20
ORD00929,Jacket,Clothing,19927.72,2,6/7/2024,Credit Card,3.7,West,20
ORD00930,Comic Book,Books,42170.48,1,10/29/2024,UPI,4.4,East,25
ORD00931,Dress,Clothing,15950.41,5,12/6/2024,COD,1.5,East,25
ORD00932,Fiction Novel,Books,791.45,4,3/21/2024,Credit Card,1.2,South,5
ORD00933,Jeans,Clothing,28534.99,3,8/15/2024,Net Banking,1.8,West,25
ORD00934,Mixer Grinder,Home & Kitchen,13371.43,4,6/6/2024,Net Banking,1.2,West,10
ORD00935,Laptop,Electronics,48073.8,4,10/3/2024,Credit Card,4.1,South,15
ORD00936,Fiction Novel,Books,15240.16,5,6/14/2024,Net Banking,3.6,Central,25
ORD00937,Comic Book,Books,11216.38,5,3/11/2024,COD,2.8,North,5
ORD00938,Fiction Novel,Books,540.63,3,4/12/2024,COD,3.5,West,10
ORD00939,Smartwatch,Electronics,19845.72,3,5/8/2024,COD,4,East,25
ORD00940,Jacket,Clothing,31486.57,1,8/16/2024,Wallet,3,North,10
ORD00941,Smartwatch,Electronics,47899.72,2,7/10/2024,COD,4,South,20
ORD00942,Educational Book,Books,39842.15,5,1/17/2025,Debit Card,4.8,East,5
ORD00943,Sneakers,Clothing,46101.14,2,3/1/2024,Net Banking,4,South,10
ORD00944,Fiction Novel,Books,46563.35,5,5/8/2024,Debit Card,1.2,Central,15
ORD00945,Tablet,Electronics,35922.64,4,2/17/2024,UPI,3.1,East,15
ORD00946,Laptop,Electronics,33745.33,1,1/13/2025,COD,2.7,North,10
ORD00947,Dress,Clothing,22870.53,5,6/20/2024,COD,1.4,Central,10
ORD00948,Sofa Cover,Home & Kitchen,29715.31,2,4/12/2024,COD,3.5,West,20
ORD00949,Jeans,Clothing,15543.65,4,5/31/2024,Credit Card,2.7,South,10
ORD00950,Smartphone,Electronics,8234.32,2,6/2/2024,Debit Card,1.9,South,25
ORD00951,T-Shirt,Clothing,959.63,1,11/21/2024,Wallet,1.6,South,10
ORD00952,Face Cream,Beauty,34969.69,5,3/30/2024,Net Banking,4,West,15
ORD00953,Headphones,Electronics,46553.58,3,1/4/2025,COD,2.3,North,5
ORD00954,Face Cream,Beauty,33472.93,1,5/29/2024,Credit Card,3.4,North,5
ORD00955,Smartphone,Electronics,29781.11,2,3/8/2024,Debit Card,3.6,North,10
ORD00956,Cookware Set,Home & Kitchen,30564.98,3,7/14/2024,Debit Card,3.8,East,5
ORD00957,Sneakers,Clothing,42407.52,2,5/26/2024,Debit Card,4.7,West,25
ORD00958,Fiction Novel,Books,10435.03,1,9/23/2024,Debit Card,3.1,Central,20
ORD00959,Headphones,Electronics,35278.46,3,8/27/2024,COD,1.2,North,20
ORD00960,Smartphone,Electronics,34844.54,3,9/26/2024,Credit Card,4.8,South,15
ORD00961,Comic Book,Books,31159.76,5,1/25/2025,Wallet,1.1,East,20
ORD00962,Dress,Clothing,27369.17,4,9/11/2024,UPI,3.5,South,10
ORD00963,Lipstick,Beauty,47055.28,1,6/16/2024,Credit Card,3,East,5
ORD00964,Laptop,Electronics,30706.15,4,8/6/2024,UPI,2.9,West,15
ORD00965,Hair Dryer,Beauty,659.73,4,12/8/2024,UPI,3.5,East,25
ORD00966,Perfume,Beauty,14341.13,4,6/28/2024,Credit Card,1.5,West,25
ORD00967,Educational Book,Books,22923.93,4,12/10/2024,COD,2.7,Central,15
ORD00968,Table Lamp,Home & Kitchen,20766.47,2,4/23/2024,COD,1.8,South,25
ORD00969,Laptop,Electronics,36615.73,5,4/10/2024,Net Banking,2,South,5
ORD00970,T-Shirt,Clothing,879.25,4,9/7/2024,Wallet,4.9,North,15
ORD00971,Bedsheet,Home & Kitchen,8571.55,4,1/12/2025,Wallet,3.9,South,10
ORD00972,Headphones,Electronics,23125.33,5,1/19/2025,Debit Card,3.7,West,15
ORD00973,Educational Book,Books,5712.21,3,9/11/2024,UPI,3.6,West,15
ORD00974,T-Shirt,Clothing,1434.23,2,3/24/2024,UPI,3.5,West,20
ORD00975,Fiction Novel,Books,43163.16,2,12/9/2024,Debit Card,1.9,South,25
ORD00976,Sofa Cover,Home & Kitchen,38545.29,1,9/6/2024,Wallet,1.3,West,5
ORD00977,Lipstick,Beauty,8188.18,2,8/15/2024,Wallet,1.3,East,25
ORD00978,Table Lamp,Home & Kitchen,35763.48,4,12/27/2024,UPI,3.7,North,25
ORD00979,Cookware Set,Home & Kitchen,10818.91,2,8/1/2024,Wallet,1.8,Central,15
ORD00980,Perfume,Beauty,35506.41,5,2/28/2024,Wallet,1.2,South,25
ORD00981,Tablet,Electronics,19010.38,5,7/28/2024,Wallet,1.5,South,20
ORD00982,Fiction Novel,Books,29678.85,3,10/25/2024,UPI,2.9,Central,25
ORD00983,Comic Book,Books,5412.9,5,6/30/2024,COD,2.1,East,10
ORD00984,Jeans,Clothing,22890.95,3,11/30/2024,Credit Card,3,Central,10
ORD00985,Jeans,Clothing,40905.69,5,1/27/2025,COD,1.9,West,10
ORD00986,Bedsheet,Home & Kitchen,17253.67,3,11/24/2024,Debit Card,4.6,North,20
ORD00987,Educational Book,Books,27920.2,5,2/14/2024,Wallet,2.7,Central,5
ORD00988,Jacket,Clothing,46055.88,5,12/6/2024,COD,4.2,North,25
ORD00989,Smartwatch,Electronics,49569.3,4,5/11/2024,COD,1.2,East,5
ORD00990,Educational Book,Books,35948.16,5,10/30/2024,Wallet,2.5,Central,5
ORD00991,Fiction Novel,Books,9189.91,5,7/28/2024,Wallet,4.9,Central,20
ORD00992,Mixer Grinder,Home & Kitchen,6075.65,2,3/6/2024,Credit Card,2.1,South,15
ORD00993,Mixer Grinder,Home & Kitchen,25511.46,2,11/27/2024,Net Banking,3.7,Central,10
ORD00994,Mixer Grinder,Home & Kitchen,5815.52,4,10/12/2024,UPI,2.2,South,20
ORD00995,Sneakers,Clothing,11479.89,3,7/30/2024,Net Banking,2.5,South,25
ORD00996,Smartphone,Electronics,28995.81,3,1/13/2025,COD,5,South,15
ORD00997,Perfume,Beauty,32799.51,2,12/18/2024,Wallet,2.4,Central,15
ORD00998,Face Cream,Beauty,40840.8,1,7/26/2024,UPI,3.1,South,5
ORD00999,Cookware Set,Home & Kitchen,34741.79,4,10/2/2024,Net Banking,3.2,West,25
ORD01000,Table Lamp,Home & Kitchen,16698.12,4,3/26/2024,Credit Card,1.6,Central,5
